"featureImportance","feature","comparison","source","data"
0.075,"Abalistes stellatus","BAR_BAY","indval","pres/abs"
0.15,"Acanthurus blochii","BAR_BAY","indval","pres/abs"
0.05,"Acanthurus mata","BAR_BAY","indval","pres/abs"
0.05,"Acanthurus nigricauda","BAR_BAY","indval","pres/abs"
0.1,"Acanthurus olivaceus","BAR_BAY","indval","pres/abs"
0.15,"Acanthurus xanthopterus","BAR_BAY","indval","pres/abs"
0.05,"Amblyeleotris steinitzi","BAR_BAY","indval","pres/abs"
0.3,"Amblygobius phalaena","BAR_BAY","indval","pres/abs"
0.05,"Aprion virescens","BAR_BAY","indval","pres/abs"
0.6,"Atule mate","BAR_BAY","indval","pres/abs"
0.05,"Balistoides viridescens","BAR_BAY","indval","pres/abs"
0.05,"Bodianus loxozonus","BAR_BAY","indval","pres/abs"
0.1,"Bodianus perditio","BAR_BAY","indval","pres/abs"
0.05,"Caesio caerulaurea","BAR_BAY","indval","pres/abs"
0.05,"Canthigaster bennetti","BAR_BAY","indval","pres/abs"
0.15,"Canthigaster valentini","BAR_BAY","indval","pres/abs"
0.05,"Carangoides dinema","BAR_BAY","indval","pres/abs"
0.05,"Carangoides fulvoguttatus","BAR_BAY","indval","pres/abs"
0.05,"Caranx ignobilis","BAR_BAY","indval","pres/abs"
0.05,"Caranx papuensis","BAR_BAY","indval","pres/abs"
0.2,"Centropyge tibicen","BAR_BAY","indval","pres/abs"
0.3,"Chaetodon auriga","BAR_BAY","indval","pres/abs"
0.05,"Chaetodon ephippium","BAR_BAY","indval","pres/abs"
0.25,"Chaetodon kleinii","BAR_BAY","indval","pres/abs"
0.05,"Chaetodon melannotus","BAR_BAY","indval","pres/abs"
0.15,"Chaetodon mertensii","BAR_BAY","indval","pres/abs"
0.05,"Chaetodon plebeius","BAR_BAY","indval","pres/abs"
0.05,"Cheilinus chlorourus","BAR_BAY","indval","pres/abs"
0.05,"Cheilio inermis","BAR_BAY","indval","pres/abs"
0.05,"Cheilodipterus quinquelineatus","BAR_BAY","indval","pres/abs"
0.05,"Chlorurus sordidus","BAR_BAY","indval","pres/abs"
0.05,"Choerodon graphicus","BAR_BAY","indval","pres/abs"
0.1,"Chromis fumea","BAR_BAY","indval","pres/abs"
0.25,"Chromis viridis","BAR_BAY","indval","pres/abs"
0.1,"Chrysiptera biocellata","BAR_BAY","indval","pres/abs"
0.05,"Coris batuensis","BAR_BAY","indval","pres/abs"
0.25,"Coris dorsomacula","BAR_BAY","indval","pres/abs"
0.1,"Ctenochaetus striatus","BAR_BAY","indval","pres/abs"
0.35,"Dascyllus aruanus","BAR_BAY","indval","pres/abs"
0.05,"Dasyatis kuhlii","BAR_BAY","indval","pres/abs"
0.15,"Decapterus macarellus","BAR_BAY","indval","pres/abs"
0.05,"Diagramma pictum","BAR_BAY","indval","pres/abs"
0.15625,"Echeneis naucrates","BAR_BAY","indval","pres/abs"
0.05,"Elops hawaiensis","BAR_BAY","indval","pres/abs"
0.1,"Epinephelus areolatus","BAR_BAY","indval","pres/abs"
0.05,"Epinephelus howlandi","BAR_BAY","indval","pres/abs"
0.15,"Epinephelus maculatus","BAR_BAY","indval","pres/abs"
0.05,"Epinephelus merra","BAR_BAY","indval","pres/abs"
0.1,"Gnathanodon speciosus","BAR_BAY","indval","pres/abs"
0.2,"Gymnocranius grandoculis","BAR_BAY","indval","pres/abs"
0.05,"Halichoeres chrysus","BAR_BAY","indval","pres/abs"
0.802777777777778,"Halichoeres trimaculatus","BAR_BAY","indval","pres/abs"
0.05,"Hemigymnus melapterus","BAR_BAY","indval","pres/abs"
0.05,"Heniochus acuminatus","BAR_BAY","indval","pres/abs"
0.15,"Labroides dimidiatus","BAR_BAY","indval","pres/abs"
0.245,"Lagocephalus sceleratus","BAR_BAY","indval","pres/abs"
0.2,"Leiognathus fasciatus","BAR_BAY","indval","pres/abs"
0.1,"Lethrinus atkinsoni","BAR_BAY","indval","pres/abs"
0.4225,"Lethrinus genivittatus","BAR_BAY","indval","pres/abs"
0.65,"Lethrinus obsoletus","BAR_BAY","indval","pres/abs"
0.8,"Lethrinus rubrioperculatus","BAR_BAY","indval","pres/abs"
0.75,"Lethrinus variegatus","BAR_BAY","indval","pres/abs"
0.05,"Lutjanus gibbus","BAR_BAY","indval","pres/abs"
0.05,"Lutjanus lutjanus","BAR_BAY","indval","pres/abs"
0.09,"Lutjanus vitta","BAR_BAY","indval","pres/abs"
0.05,"Macropharyngodon negrosensis","BAR_BAY","indval","pres/abs"
0.4,"Mulloidichthys flavolineatus","BAR_BAY","indval","pres/abs"
0.1,"Naso annulatus","BAR_BAY","indval","pres/abs"
0.05,"Naso brevirostris","BAR_BAY","indval","pres/abs"
0.05,"Nebrius ferrugineus","BAR_BAY","indval","pres/abs"
0.85,"Nemipterus peronii","BAR_BAY","indval","pres/abs"
0.75,"Oxycheilinus bimaculatus","BAR_BAY","indval","pres/abs"
0.25,"Oxycheilinus nigromarginatus","BAR_BAY","indval","pres/abs"
0.05,"Oxycheilinus unifasciatus","BAR_BAY","indval","pres/abs"
0.7,"Parapercis australis","BAR_BAY","indval","pres/abs"
0.1,"Parapercis clathrata","BAR_BAY","indval","pres/abs"
0.1,"Parapercis hexophtalma","BAR_BAY","indval","pres/abs"
0.05,"Parapercis xanthozona","BAR_BAY","indval","pres/abs"
0.7,"Parupeneus barberinoides","BAR_BAY","indval","pres/abs"
0.1,"Parupeneus barberinus","BAR_BAY","indval","pres/abs"
0.1,"Parupeneus cyclostomus","BAR_BAY","indval","pres/abs"
0.09,"Parupeneus heptacanthus","BAR_BAY","indval","pres/abs"
0.5,"Parupeneus multifasciatus","BAR_BAY","indval","pres/abs"
0.85,"Parupeneus pleurostigma","BAR_BAY","indval","pres/abs"
0.05,"Parupeneus spilurus","BAR_BAY","indval","pres/abs"
0.025,"Pentapodus caninus","BAR_BAY","indval","pres/abs"
0.75,"Pentapodus nagasakiensis","BAR_BAY","indval","pres/abs"
0.05,"Plagiotremus rhinorhynchos","BAR_BAY","indval","pres/abs"
0.2,"Plagiotremus tapeinosoma","BAR_BAY","indval","pres/abs"
0.15,"Plectropomus leopardus","BAR_BAY","indval","pres/abs"
0.05,"Pomacanthus imperator","BAR_BAY","indval","pres/abs"
0.35,"Pomacentrus coelestis","BAR_BAY","indval","pres/abs"
0.2,"Pomacentrus moluccensis","BAR_BAY","indval","pres/abs"
0.05,"Pomacentrus nagasakiensis","BAR_BAY","indval","pres/abs"
0.15,"Pristotis obtusirostris","BAR_BAY","indval","pres/abs"
0.05,"Pseudalutarius nasicornis","BAR_BAY","indval","pres/abs"
0.05,"Pseudanthias hypselosoma","BAR_BAY","indval","pres/abs"
0.05,"Pseudobalistes flavimarginatus","BAR_BAY","indval","pres/abs"
0.3,"Pseudobalistes fuscus","BAR_BAY","indval","pres/abs"
0.05,"Pseudocaranx dentex","BAR_BAY","indval","pres/abs"
0.05,"Pseudojuloides cerasinus","BAR_BAY","indval","pres/abs"
0.25,"Ptereleotris microlepis","BAR_BAY","indval","pres/abs"
0.05,"Pterocaesio marri","BAR_BAY","indval","pres/abs"
0.1,"Pterocaesio trilineata","BAR_BAY","indval","pres/abs"
0.05,"Rhinecanthus aculeatus","BAR_BAY","indval","pres/abs"
0.05,"Rhynchobatus Djiddensis","BAR_BAY","indval","pres/abs"
0.05,"Scarus chameleon","BAR_BAY","indval","pres/abs"
0.25,"Scarus ghobban","BAR_BAY","indval","pres/abs"
0.05,"Scarus longipinnis","BAR_BAY","indval","pres/abs"
0.3,"Scarus psittacus","BAR_BAY","indval","pres/abs"
0.15,"Scarus schlegeli","BAR_BAY","indval","pres/abs"
0.05,"Scolopsis lineata","BAR_BAY","indval","pres/abs"
0.05,"Scomberoides tol","BAR_BAY","indval","pres/abs"
0.09,"Scomberomorus commerson","BAR_BAY","indval","pres/abs"
0.05,"Siganus doliatus","BAR_BAY","indval","pres/abs"
0.05,"Siganus punctatus","BAR_BAY","indval","pres/abs"
0.05,"Stegastes nigricans","BAR_BAY","indval","pres/abs"
0.05,"Stethojulis bandanensis","BAR_BAY","indval","pres/abs"
0.4,"Stethojulis interrupta","BAR_BAY","indval","pres/abs"
0.15,"Stethojulis strigiventer","BAR_BAY","indval","pres/abs"
0.35,"Sufflamen chrysopterum","BAR_BAY","indval","pres/abs"
0.15,"Sufflamen fraenatum","BAR_BAY","indval","pres/abs"
0.3,"Synodus variegatus","BAR_BAY","indval","pres/abs"
0.05,"Taeniura meyeni","BAR_BAY","indval","pres/abs"
0.703125,"Thalassoma lunare","BAR_BAY","indval","pres/abs"
0.178571428571429,"Upeneus sundaicus","BAR_BAY","indval","pres/abs"
0.1,"Upeneus tragula","BAR_BAY","indval","pres/abs"
0.05,"Upeneus vittatus","BAR_BAY","indval","pres/abs"
0.05,"Valenciennea decora","BAR_BAY","indval","pres/abs"
0.05,"Valenciennea longipinnis","BAR_BAY","indval","pres/abs"
0.05,"Valenciennea puellaris","BAR_BAY","indval","pres/abs"
0.05,"Vanderhorstia ambanoro","BAR_BAY","indval","pres/abs"
0.05,"Zebrasoma velifer","BAR_BAY","indval","pres/abs"
0.114285714285714,"Abalistes stellatus","BAR_LAG","indval","pres/abs"
0.15,"Acanthurus blochii","BAR_LAG","indval","pres/abs"
0.05,"Acanthurus mata","BAR_LAG","indval","pres/abs"
0.05,"Acanthurus nigricauda","BAR_LAG","indval","pres/abs"
0.1,"Acanthurus olivaceus","BAR_LAG","indval","pres/abs"
0.15,"Acanthurus xanthopterus","BAR_LAG","indval","pres/abs"
0.05,"Acreichthys tomentosus","BAR_LAG","indval","pres/abs"
0.05,"Aetobatus narinari","BAR_LAG","indval","pres/abs"
0.05,"Amblyeleotris steinitzi","BAR_LAG","indval","pres/abs"
0.3,"Amblygobius phalaena","BAR_LAG","indval","pres/abs"
0.1,"Amblygobius sphynx","BAR_LAG","indval","pres/abs"
0.025,"Aprion virescens","BAR_LAG","indval","pres/abs"
0.2,"Arothron stellatus","BAR_LAG","indval","pres/abs"
0.25,"Atule mate","BAR_LAG","indval","pres/abs"
0.05,"Balistoides viridescens","BAR_LAG","indval","pres/abs"
0.05,"Bodianus loxozonus","BAR_LAG","indval","pres/abs"
0.1,"Bodianus perditio","BAR_LAG","indval","pres/abs"
0.05,"Caesio caerulaurea","BAR_LAG","indval","pres/abs"
0.15,"Canthigaster valentini","BAR_LAG","indval","pres/abs"
0.1,"Carangoides dinema","BAR_LAG","indval","pres/abs"
0.025,"Carangoides fulvoguttatus","BAR_LAG","indval","pres/abs"
0.05,"Carangoides plagiotaenia","BAR_LAG","indval","pres/abs"
0.025,"Caranx ignobilis","BAR_LAG","indval","pres/abs"
0.05,"Carcharhinus leucas","BAR_LAG","indval","pres/abs"
0.2,"Centropyge tibicen","BAR_LAG","indval","pres/abs"
0.3,"Chaetodon auriga","BAR_LAG","indval","pres/abs"
0.05,"Chaetodon ephippium","BAR_LAG","indval","pres/abs"
0.25,"Chaetodon kleinii","BAR_LAG","indval","pres/abs"
0.05,"Chaetodon melannotus","BAR_LAG","indval","pres/abs"
0.15,"Chaetodon mertensii","BAR_LAG","indval","pres/abs"
0.05,"Chaetodon plebeius","BAR_LAG","indval","pres/abs"
0.05,"Cheilinus chlorourus","BAR_LAG","indval","pres/abs"
0.05,"Cheilio inermis","BAR_LAG","indval","pres/abs"
0.05,"Cheilodipterus quinquelineatus","BAR_LAG","indval","pres/abs"
0.05,"Chlorurus sordidus","BAR_LAG","indval","pres/abs"
0.05,"Choerodon graphicus","BAR_LAG","indval","pres/abs"
0.1,"Chromis fumea","BAR_LAG","indval","pres/abs"
0.25,"Chromis viridis","BAR_LAG","indval","pres/abs"
0.1,"Chrysiptera biocellata","BAR_LAG","indval","pres/abs"
0.05,"Coris batuensis","BAR_LAG","indval","pres/abs"
0.1,"Coris caudimacula","BAR_LAG","indval","pres/abs"
0.208333333333333,"Coris dorsomacula","BAR_LAG","indval","pres/abs"
0.1,"Ctenochaetus striatus","BAR_LAG","indval","pres/abs"
0.35,"Dascyllus aruanus","BAR_LAG","indval","pres/abs"
0.05,"Dasyatis kuhlii","BAR_LAG","indval","pres/abs"
0.25,"Decapterus macarellus","BAR_LAG","indval","pres/abs"
0.0666666666666667,"Diagramma pictum","BAR_LAG","indval","pres/abs"
0.075,"Echeneis naucrates","BAR_LAG","indval","pres/abs"
0.05,"Epinephelus howlandi","BAR_LAG","indval","pres/abs"
0.15,"Epinephelus maculatus","BAR_LAG","indval","pres/abs"
0.05,"Epinephelus malabaricus","BAR_LAG","indval","pres/abs"
0.05,"Epinephelus merra","BAR_LAG","indval","pres/abs"
0.05,"Galeocerdo cuvier","BAR_LAG","indval","pres/abs"
0.2,"Gymnocranius grandoculis","BAR_LAG","indval","pres/abs"
0.05,"Halichoeres chrysus","BAR_LAG","indval","pres/abs"
0.85,"Halichoeres trimaculatus","BAR_LAG","indval","pres/abs"
0.05,"Hemigymnus melapterus","BAR_LAG","indval","pres/abs"
0.05,"Heniochus acuminatus","BAR_LAG","indval","pres/abs"
0.05,"Himantura fai","BAR_LAG","indval","pres/abs"
0.15,"Labroides dimidiatus","BAR_LAG","indval","pres/abs"
0.2,"Lagocephalus sceleratus","BAR_LAG","indval","pres/abs"
0.1,"Lethrinus atkinsoni","BAR_LAG","indval","pres/abs"
0.602083333333333,"Lethrinus genivittatus","BAR_LAG","indval","pres/abs"
0.2,"Lethrinus obsoletus","BAR_LAG","indval","pres/abs"
0.05,"Lethrinus olivaceus","BAR_LAG","indval","pres/abs"
0.752941176470588,"Lethrinus rubrioperculatus","BAR_LAG","indval","pres/abs"
0.75,"Lethrinus variegatus","BAR_LAG","indval","pres/abs"
0.05,"Lutjanus gibbus","BAR_LAG","indval","pres/abs"
0.1,"Lutjanus vitta","BAR_LAG","indval","pres/abs"
0.05,"Macropharyngodon negrosensis","BAR_LAG","indval","pres/abs"
0.4,"Mulloidichthys flavolineatus","BAR_LAG","indval","pres/abs"
0.1,"Naso annulatus","BAR_LAG","indval","pres/abs"
0.05,"Naso brevirostris","BAR_LAG","indval","pres/abs"
0.05,"Nebrius ferrugineus","BAR_LAG","indval","pres/abs"
0.9,"Nemipterus peronii","BAR_LAG","indval","pres/abs"
0.1,"Oplopomus oplopomus","BAR_LAG","indval","pres/abs"
0.703125,"Oxycheilinus bimaculatus","BAR_LAG","indval","pres/abs"
0.25,"Oxycheilinus nigromarginatus","BAR_LAG","indval","pres/abs"
0.05,"Oxycheilinus unifasciatus","BAR_LAG","indval","pres/abs"
0.7,"Parapercis australis","BAR_LAG","indval","pres/abs"
0.1,"Parapercis hexophtalma","BAR_LAG","indval","pres/abs"
0.7,"Parupeneus barberinoides","BAR_LAG","indval","pres/abs"
0.1,"Parupeneus barberinus","BAR_LAG","indval","pres/abs"
0.1,"Parupeneus cyclostomus","BAR_LAG","indval","pres/abs"
0.114285714285714,"Parupeneus heptacanthus","BAR_LAG","indval","pres/abs"
0.5,"Parupeneus multifasciatus","BAR_LAG","indval","pres/abs"
0.85,"Parupeneus pleurostigma","BAR_LAG","indval","pres/abs"
0.05,"Parupeneus spilurus","BAR_LAG","indval","pres/abs"
0.05,"Pentapodus caninus","BAR_LAG","indval","pres/abs"
0.416666666666667,"Pentapodus nagasakiensis","BAR_LAG","indval","pres/abs"
0.05,"Plagiotremus rhinorhynchos","BAR_LAG","indval","pres/abs"
0.2,"Plagiotremus tapeinosoma","BAR_LAG","indval","pres/abs"
0.15,"Plectropomus leopardus","BAR_LAG","indval","pres/abs"
0.05,"Pomacanthus imperator","BAR_LAG","indval","pres/abs"
0.35,"Pomacentrus coelestis","BAR_LAG","indval","pres/abs"
0.2,"Pomacentrus moluccensis","BAR_LAG","indval","pres/abs"
0.05,"Pomacentrus nagasakiensis","BAR_LAG","indval","pres/abs"
0.09,"Pristotis obtusirostris","BAR_LAG","indval","pres/abs"
0.405,"Pseudalutarius nasicornis","BAR_LAG","indval","pres/abs"
0.05,"Pseudanthias hypselosoma","BAR_LAG","indval","pres/abs"
0.05,"Pseudobalistes flavimarginatus","BAR_LAG","indval","pres/abs"
0.3,"Pseudobalistes fuscus","BAR_LAG","indval","pres/abs"
0.15,"Pseudocaranx dentex","BAR_LAG","indval","pres/abs"
0.05,"Pseudojuloides cerasinus","BAR_LAG","indval","pres/abs"
0.25,"Ptereleotris microlepis","BAR_LAG","indval","pres/abs"
0.05,"Pterocaesio marri","BAR_LAG","indval","pres/abs"
0.1,"Pterocaesio trilineata","BAR_LAG","indval","pres/abs"
0.05,"Rhinecanthus aculeatus","BAR_LAG","indval","pres/abs"
0.05,"Scarus chameleon","BAR_LAG","indval","pres/abs"
0.25,"Scarus ghobban","BAR_LAG","indval","pres/abs"
0.05,"Scarus longipinnis","BAR_LAG","indval","pres/abs"
0.3,"Scarus psittacus","BAR_LAG","indval","pres/abs"
0.15,"Scarus schlegeli","BAR_LAG","indval","pres/abs"
0.05,"Scolopsis lineata","BAR_LAG","indval","pres/abs"
0.05,"Scomberoides tol","BAR_LAG","indval","pres/abs"
0.2,"Scomberomorus commerson","BAR_LAG","indval","pres/abs"
0.05,"Siganus doliatus","BAR_LAG","indval","pres/abs"
0.05,"Siganus punctatus","BAR_LAG","indval","pres/abs"
0.05,"Sphyrna mokarran","BAR_LAG","indval","pres/abs"
0.05,"Stegastes nigricans","BAR_LAG","indval","pres/abs"
0.05,"Stethojulis bandanensis","BAR_LAG","indval","pres/abs"
0.4,"Stethojulis interrupta","BAR_LAG","indval","pres/abs"
0.15,"Stethojulis strigiventer","BAR_LAG","indval","pres/abs"
0.35,"Sufflamen chrysopterum","BAR_LAG","indval","pres/abs"
0.15,"Sufflamen fraenatum","BAR_LAG","indval","pres/abs"
0.05,"Synodus dermatogenys","BAR_LAG","indval","pres/abs"
0.4,"Synodus variegatus","BAR_LAG","indval","pres/abs"
0.025,"Taeniura meyeni","BAR_LAG","indval","pres/abs"
0.75,"Thalassoma lunare","BAR_LAG","indval","pres/abs"
0.3,"Upeneus moluccensis","BAR_LAG","indval","pres/abs"
0.125,"Upeneus sundaicus","BAR_LAG","indval","pres/abs"
0.15,"Upeneus tragula","BAR_LAG","indval","pres/abs"
0.1,"Upeneus vittatus","BAR_LAG","indval","pres/abs"
0.05,"Valenciennea decora","BAR_LAG","indval","pres/abs"
0.05,"Valenciennea longipinnis","BAR_LAG","indval","pres/abs"
0.05,"Valenciennea puellaris","BAR_LAG","indval","pres/abs"
0.05,"Zebrasoma velifer","BAR_LAG","indval","pres/abs"
0.114285714285714,"Abalistes stellatus","BAY_LAG","indval","pres/abs"
0.05,"Acreichthys tomentosus","BAY_LAG","indval","pres/abs"
0.05,"Aetobatus narinari","BAY_LAG","indval","pres/abs"
0.1,"Amblygobius sphynx","BAY_LAG","indval","pres/abs"
0.05,"Aprion virescens","BAY_LAG","indval","pres/abs"
0.2,"Arothron stellatus","BAY_LAG","indval","pres/abs"
0.423529411764706,"Atule mate","BAY_LAG","indval","pres/abs"
0.05,"Canthigaster bennetti","BAY_LAG","indval","pres/abs"
0.0666666666666667,"Carangoides dinema","BAY_LAG","indval","pres/abs"
0.05,"Carangoides fulvoguttatus","BAY_LAG","indval","pres/abs"
0.05,"Carangoides plagiotaenia","BAY_LAG","indval","pres/abs"
0.05,"Caranx ignobilis","BAY_LAG","indval","pres/abs"
0.05,"Caranx papuensis","BAY_LAG","indval","pres/abs"
0.05,"Carcharhinus leucas","BAY_LAG","indval","pres/abs"
0.1,"Coris caudimacula","BAY_LAG","indval","pres/abs"
0.05,"Coris dorsomacula","BAY_LAG","indval","pres/abs"
0.15625,"Decapterus macarellus","BAY_LAG","indval","pres/abs"
0.0666666666666667,"Diagramma pictum","BAY_LAG","indval","pres/abs"
0.15625,"Echeneis naucrates","BAY_LAG","indval","pres/abs"
0.05,"Elops hawaiensis","BAY_LAG","indval","pres/abs"
0.1,"Epinephelus areolatus","BAY_LAG","indval","pres/abs"
0.05,"Epinephelus malabaricus","BAY_LAG","indval","pres/abs"
0.05,"Galeocerdo cuvier","BAY_LAG","indval","pres/abs"
0.1,"Gnathanodon speciosus","BAY_LAG","indval","pres/abs"
0.05,"Halichoeres trimaculatus","BAY_LAG","indval","pres/abs"
0.05,"Himantura fai","BAY_LAG","indval","pres/abs"
0.188461538461538,"Lagocephalus sceleratus","BAY_LAG","indval","pres/abs"
0.2,"Leiognathus fasciatus","BAY_LAG","indval","pres/abs"
0.481666666666667,"Lethrinus genivittatus","BAY_LAG","indval","pres/abs"
0.497058823529412,"Lethrinus obsoletus","BAY_LAG","indval","pres/abs"
0.05,"Lethrinus olivaceus","BAY_LAG","indval","pres/abs"
0.05,"Lethrinus rubrioperculatus","BAY_LAG","indval","pres/abs"
0.05,"Lutjanus lutjanus","BAY_LAG","indval","pres/abs"
0.15,"Lutjanus vitta","BAY_LAG","indval","pres/abs"
0.462857142857143,"Nemipterus peronii","BAY_LAG","indval","pres/abs"
0.1,"Oplopomus oplopomus","BAY_LAG","indval","pres/abs"
0.05,"Oxycheilinus bimaculatus","BAY_LAG","indval","pres/abs"
0.1,"Parapercis clathrata","BAY_LAG","indval","pres/abs"
0.05,"Parapercis xanthozona","BAY_LAG","indval","pres/abs"
0.133333333333333,"Parupeneus heptacanthus","BAY_LAG","indval","pres/abs"
0.05,"Pentapodus caninus","BAY_LAG","indval","pres/abs"
0.6,"Pentapodus nagasakiensis","BAY_LAG","indval","pres/abs"
0.1,"Pristotis obtusirostris","BAY_LAG","indval","pres/abs"
0.45,"Pseudalutarius nasicornis","BAY_LAG","indval","pres/abs"
0.1125,"Pseudocaranx dentex","BAY_LAG","indval","pres/abs"
0.05,"Rhynchobatus Djiddensis","BAY_LAG","indval","pres/abs"
0.225,"Scomberomorus commerson","BAY_LAG","indval","pres/abs"
0.05,"Sphyrna mokarran","BAY_LAG","indval","pres/abs"
0.05,"Synodus dermatogenys","BAY_LAG","indval","pres/abs"
0.228571428571429,"Synodus variegatus","BAY_LAG","indval","pres/abs"
0.05,"Taeniura meyeni","BAY_LAG","indval","pres/abs"
0.05,"Thalassoma lunare","BAY_LAG","indval","pres/abs"
0.3,"Upeneus moluccensis","BAY_LAG","indval","pres/abs"
0.178571428571429,"Upeneus sundaicus","BAY_LAG","indval","pres/abs"
0.09,"Upeneus tragula","BAY_LAG","indval","pres/abs"
0.0666666666666667,"Upeneus vittatus","BAY_LAG","indval","pres/abs"
0.05,"Vanderhorstia ambanoro","BAY_LAG","indval","pres/abs"
0.0942307692307692,"Abalistes stellatus","INSHORE_OFFSHORE","indval","pres/abs"
0.15,"Acanthurus blochii","INSHORE_OFFSHORE","indval","pres/abs"
0.05,"Acanthurus mata","INSHORE_OFFSHORE","indval","pres/abs"
0.05,"Acanthurus nigricauda","INSHORE_OFFSHORE","indval","pres/abs"
0.1,"Acanthurus olivaceus","INSHORE_OFFSHORE","indval","pres/abs"
0.15,"Acanthurus xanthopterus","INSHORE_OFFSHORE","indval","pres/abs"
0.025,"Acreichthys tomentosus","INSHORE_OFFSHORE","indval","pres/abs"
0.025,"Aetobatus narinari","INSHORE_OFFSHORE","indval","pres/abs"
0.05,"Amblyeleotris steinitzi","INSHORE_OFFSHORE","indval","pres/abs"
0.3,"Amblygobius phalaena","INSHORE_OFFSHORE","indval","pres/abs"
0.05,"Amblygobius sphynx","INSHORE_OFFSHORE","indval","pres/abs"
0.0333333333333333,"Aprion virescens","INSHORE_OFFSHORE","indval","pres/abs"
0.1,"Arothron stellatus","INSHORE_OFFSHORE","indval","pres/abs"
0.425,"Atule mate","INSHORE_OFFSHORE","indval","pres/abs"
0.05,"Balistoides viridescens","INSHORE_OFFSHORE","indval","pres/abs"
0.05,"Bodianus loxozonus","INSHORE_OFFSHORE","indval","pres/abs"
0.1,"Bodianus perditio","INSHORE_OFFSHORE","indval","pres/abs"
0.05,"Caesio caerulaurea","INSHORE_OFFSHORE","indval","pres/abs"
0.025,"Canthigaster bennetti","INSHORE_OFFSHORE","indval","pres/abs"
0.15,"Canthigaster valentini","INSHORE_OFFSHORE","indval","pres/abs"
0.075,"Carangoides dinema","INSHORE_OFFSHORE","indval","pres/abs"
0.0333333333333333,"Carangoides fulvoguttatus","INSHORE_OFFSHORE","indval","pres/abs"
0.025,"Carangoides plagiotaenia","INSHORE_OFFSHORE","indval","pres/abs"
0.0333333333333333,"Caranx ignobilis","INSHORE_OFFSHORE","indval","pres/abs"
0.025,"Caranx papuensis","INSHORE_OFFSHORE","indval","pres/abs"
0.025,"Carcharhinus leucas","INSHORE_OFFSHORE","indval","pres/abs"
0.2,"Centropyge tibicen","INSHORE_OFFSHORE","indval","pres/abs"
0.3,"Chaetodon auriga","INSHORE_OFFSHORE","indval","pres/abs"
0.05,"Chaetodon ephippium","INSHORE_OFFSHORE","indval","pres/abs"
0.25,"Chaetodon kleinii","INSHORE_OFFSHORE","indval","pres/abs"
0.05,"Chaetodon melannotus","INSHORE_OFFSHORE","indval","pres/abs"
0.15,"Chaetodon mertensii","INSHORE_OFFSHORE","indval","pres/abs"
0.05,"Chaetodon plebeius","INSHORE_OFFSHORE","indval","pres/abs"
0.05,"Cheilinus chlorourus","INSHORE_OFFSHORE","indval","pres/abs"
0.05,"Cheilio inermis","INSHORE_OFFSHORE","indval","pres/abs"
0.05,"Cheilodipterus quinquelineatus","INSHORE_OFFSHORE","indval","pres/abs"
0.05,"Chlorurus sordidus","INSHORE_OFFSHORE","indval","pres/abs"
0.05,"Choerodon graphicus","INSHORE_OFFSHORE","indval","pres/abs"
0.1,"Chromis fumea","INSHORE_OFFSHORE","indval","pres/abs"
0.25,"Chromis viridis","INSHORE_OFFSHORE","indval","pres/abs"
0.1,"Chrysiptera biocellata","INSHORE_OFFSHORE","indval","pres/abs"
0.05,"Coris batuensis","INSHORE_OFFSHORE","indval","pres/abs"
0.05,"Coris caudimacula","INSHORE_OFFSHORE","indval","pres/abs"
0.227272727272727,"Coris dorsomacula","INSHORE_OFFSHORE","indval","pres/abs"
0.1,"Ctenochaetus striatus","INSHORE_OFFSHORE","indval","pres/abs"
0.35,"Dascyllus aruanus","INSHORE_OFFSHORE","indval","pres/abs"
0.05,"Dasyatis kuhlii","INSHORE_OFFSHORE","indval","pres/abs"
0.2,"Decapterus macarellus","INSHORE_OFFSHORE","indval","pres/abs"
0.0571428571428572,"Diagramma pictum","INSHORE_OFFSHORE","indval","pres/abs"
0.114285714285714,"Echeneis naucrates","INSHORE_OFFSHORE","indval","pres/abs"
0.025,"Elops hawaiensis","INSHORE_OFFSHORE","indval","pres/abs"
0.05,"Epinephelus areolatus","INSHORE_OFFSHORE","indval","pres/abs"
0.05,"Epinephelus howlandi","INSHORE_OFFSHORE","indval","pres/abs"
0.15,"Epinephelus maculatus","INSHORE_OFFSHORE","indval","pres/abs"
0.025,"Epinephelus malabaricus","INSHORE_OFFSHORE","indval","pres/abs"
0.05,"Epinephelus merra","INSHORE_OFFSHORE","indval","pres/abs"
0.025,"Galeocerdo cuvier","INSHORE_OFFSHORE","indval","pres/abs"
0.05,"Gnathanodon speciosus","INSHORE_OFFSHORE","indval","pres/abs"
0.2,"Gymnocranius grandoculis","INSHORE_OFFSHORE","indval","pres/abs"
0.05,"Halichoeres chrysus","INSHORE_OFFSHORE","indval","pres/abs"
0.825714285714286,"Halichoeres trimaculatus","INSHORE_OFFSHORE","indval","pres/abs"
0.05,"Hemigymnus melapterus","INSHORE_OFFSHORE","indval","pres/abs"
0.05,"Heniochus acuminatus","INSHORE_OFFSHORE","indval","pres/abs"
0.025,"Himantura fai","INSHORE_OFFSHORE","indval","pres/abs"
0.15,"Labroides dimidiatus","INSHORE_OFFSHORE","indval","pres/abs"
0.222368421052632,"Lagocephalus sceleratus","INSHORE_OFFSHORE","indval","pres/abs"
0.1,"Leiognathus fasciatus","INSHORE_OFFSHORE","indval","pres/abs"
0.1,"Lethrinus atkinsoni","INSHORE_OFFSHORE","indval","pres/abs"
0.511363636363636,"Lethrinus genivittatus","INSHORE_OFFSHORE","indval","pres/abs"
0.425,"Lethrinus obsoletus","INSHORE_OFFSHORE","indval","pres/abs"
0.025,"Lethrinus olivaceus","INSHORE_OFFSHORE","indval","pres/abs"
0.775757575757576,"Lethrinus rubrioperculatus","INSHORE_OFFSHORE","indval","pres/abs"
0.75,"Lethrinus variegatus","INSHORE_OFFSHORE","indval","pres/abs"
0.05,"Lutjanus gibbus","INSHORE_OFFSHORE","indval","pres/abs"
0.025,"Lutjanus lutjanus","INSHORE_OFFSHORE","indval","pres/abs"
0.0571428571428572,"Lutjanus vitta","INSHORE_OFFSHORE","indval","pres/abs"
0.05,"Macropharyngodon negrosensis","INSHORE_OFFSHORE","indval","pres/abs"
0.4,"Mulloidichthys flavolineatus","INSHORE_OFFSHORE","indval","pres/abs"
0.1,"Naso annulatus","INSHORE_OFFSHORE","indval","pres/abs"
0.05,"Naso brevirostris","INSHORE_OFFSHORE","indval","pres/abs"
0.05,"Nebrius ferrugineus","INSHORE_OFFSHORE","indval","pres/abs"
0.875,"Nemipterus peronii","INSHORE_OFFSHORE","indval","pres/abs"
0.05,"Oplopomus oplopomus","INSHORE_OFFSHORE","indval","pres/abs"
0.725806451612903,"Oxycheilinus bimaculatus","INSHORE_OFFSHORE","indval","pres/abs"
0.25,"Oxycheilinus nigromarginatus","INSHORE_OFFSHORE","indval","pres/abs"
0.05,"Oxycheilinus unifasciatus","INSHORE_OFFSHORE","indval","pres/abs"
0.7,"Parapercis australis","INSHORE_OFFSHORE","indval","pres/abs"
0.05,"Parapercis clathrata","INSHORE_OFFSHORE","indval","pres/abs"
0.1,"Parapercis hexophtalma","INSHORE_OFFSHORE","indval","pres/abs"
0.025,"Parapercis xanthozona","INSHORE_OFFSHORE","indval","pres/abs"
0.7,"Parupeneus barberinoides","INSHORE_OFFSHORE","indval","pres/abs"
0.1,"Parupeneus barberinus","INSHORE_OFFSHORE","indval","pres/abs"
0.1,"Parupeneus cyclostomus","INSHORE_OFFSHORE","indval","pres/abs"
0.075,"Parupeneus heptacanthus","INSHORE_OFFSHORE","indval","pres/abs"
0.5,"Parupeneus multifasciatus","INSHORE_OFFSHORE","indval","pres/abs"
0.85,"Parupeneus pleurostigma","INSHORE_OFFSHORE","indval","pres/abs"
0.05,"Parupeneus spilurus","INSHORE_OFFSHORE","indval","pres/abs"
0.0333333333333333,"Pentapodus caninus","INSHORE_OFFSHORE","indval","pres/abs"
0.535714285714286,"Pentapodus nagasakiensis","INSHORE_OFFSHORE","indval","pres/abs"
0.05,"Plagiotremus rhinorhynchos","INSHORE_OFFSHORE","indval","pres/abs"
0.2,"Plagiotremus tapeinosoma","INSHORE_OFFSHORE","indval","pres/abs"
0.15,"Plectropomus leopardus","INSHORE_OFFSHORE","indval","pres/abs"
0.05,"Pomacanthus imperator","INSHORE_OFFSHORE","indval","pres/abs"
0.35,"Pomacentrus coelestis","INSHORE_OFFSHORE","indval","pres/abs"
0.2,"Pomacentrus moluccensis","INSHORE_OFFSHORE","indval","pres/abs"
0.05,"Pomacentrus nagasakiensis","INSHORE_OFFSHORE","indval","pres/abs"
0.1125,"Pristotis obtusirostris","INSHORE_OFFSHORE","indval","pres/abs"
0.184090909090909,"Pseudalutarius nasicornis","INSHORE_OFFSHORE","indval","pres/abs"
0.05,"Pseudanthias hypselosoma","INSHORE_OFFSHORE","indval","pres/abs"
0.05,"Pseudobalistes flavimarginatus","INSHORE_OFFSHORE","indval","pres/abs"
0.3,"Pseudobalistes fuscus","INSHORE_OFFSHORE","indval","pres/abs"
0.1,"Pseudocaranx dentex","INSHORE_OFFSHORE","indval","pres/abs"
0.05,"Pseudojuloides cerasinus","INSHORE_OFFSHORE","indval","pres/abs"
0.25,"Ptereleotris microlepis","INSHORE_OFFSHORE","indval","pres/abs"
0.05,"Pterocaesio marri","INSHORE_OFFSHORE","indval","pres/abs"
0.1,"Pterocaesio trilineata","INSHORE_OFFSHORE","indval","pres/abs"
0.05,"Rhinecanthus aculeatus","INSHORE_OFFSHORE","indval","pres/abs"
0.025,"Rhynchobatus Djiddensis","INSHORE_OFFSHORE","indval","pres/abs"
0.05,"Scarus chameleon","INSHORE_OFFSHORE","indval","pres/abs"
0.25,"Scarus ghobban","INSHORE_OFFSHORE","indval","pres/abs"
0.05,"Scarus longipinnis","INSHORE_OFFSHORE","indval","pres/abs"
0.3,"Scarus psittacus","INSHORE_OFFSHORE","indval","pres/abs"
0.15,"Scarus schlegeli","INSHORE_OFFSHORE","indval","pres/abs"
0.05,"Scolopsis lineata","INSHORE_OFFSHORE","indval","pres/abs"
0.05,"Scomberoides tol","INSHORE_OFFSHORE","indval","pres/abs"
0.114285714285714,"Scomberomorus commerson","INSHORE_OFFSHORE","indval","pres/abs"
0.05,"Siganus doliatus","INSHORE_OFFSHORE","indval","pres/abs"
0.05,"Siganus punctatus","INSHORE_OFFSHORE","indval","pres/abs"
0.025,"Sphyrna mokarran","INSHORE_OFFSHORE","indval","pres/abs"
0.05,"Stegastes nigricans","INSHORE_OFFSHORE","indval","pres/abs"
0.05,"Stethojulis bandanensis","INSHORE_OFFSHORE","indval","pres/abs"
0.4,"Stethojulis interrupta","INSHORE_OFFSHORE","indval","pres/abs"
0.15,"Stethojulis strigiventer","INSHORE_OFFSHORE","indval","pres/abs"
0.35,"Sufflamen chrysopterum","INSHORE_OFFSHORE","indval","pres/abs"
0.15,"Sufflamen fraenatum","INSHORE_OFFSHORE","indval","pres/abs"
0.025,"Synodus dermatogenys","INSHORE_OFFSHORE","indval","pres/abs"
0.35,"Synodus variegatus","INSHORE_OFFSHORE","indval","pres/abs"
0.0333333333333333,"Taeniura meyeni","INSHORE_OFFSHORE","indval","pres/abs"
0.725806451612903,"Thalassoma lunare","INSHORE_OFFSHORE","indval","pres/abs"
0.15,"Upeneus moluccensis","INSHORE_OFFSHORE","indval","pres/abs"
0.147058823529412,"Upeneus sundaicus","INSHORE_OFFSHORE","indval","pres/abs"
0.125,"Upeneus tragula","INSHORE_OFFSHORE","indval","pres/abs"
0.075,"Upeneus vittatus","INSHORE_OFFSHORE","indval","pres/abs"
0.05,"Valenciennea decora","INSHORE_OFFSHORE","indval","pres/abs"
0.05,"Valenciennea longipinnis","INSHORE_OFFSHORE","indval","pres/abs"
0.05,"Valenciennea puellaris","INSHORE_OFFSHORE","indval","pres/abs"
0.025,"Vanderhorstia ambanoro","INSHORE_OFFSHORE","indval","pres/abs"
0.05,"Zebrasoma velifer","INSHORE_OFFSHORE","indval","pres/abs"
0.075,"Abalistes stellatus","BAR_BAY","indval","maxN"
0.15,"Acanthurus blochii","BAR_BAY","indval","maxN"
0.05,"Acanthurus mata","BAR_BAY","indval","maxN"
0.05,"Acanthurus nigricauda","BAR_BAY","indval","maxN"
0.1,"Acanthurus olivaceus","BAR_BAY","indval","maxN"
0.15,"Acanthurus xanthopterus","BAR_BAY","indval","maxN"
0.05,"Amblyeleotris steinitzi","BAR_BAY","indval","maxN"
0.3,"Amblygobius phalaena","BAR_BAY","indval","maxN"
0.05,"Aprion virescens","BAR_BAY","indval","maxN"
0.6,"Atule mate","BAR_BAY","indval","maxN"
0.05,"Balistoides viridescens","BAR_BAY","indval","maxN"
0.05,"Bodianus loxozonus","BAR_BAY","indval","maxN"
0.1,"Bodianus perditio","BAR_BAY","indval","maxN"
0.05,"Caesio caerulaurea","BAR_BAY","indval","maxN"
0.05,"Canthigaster bennetti","BAR_BAY","indval","maxN"
0.15,"Canthigaster valentini","BAR_BAY","indval","maxN"
0.05,"Carangoides dinema","BAR_BAY","indval","maxN"
0.05,"Carangoides fulvoguttatus","BAR_BAY","indval","maxN"
0.05,"Caranx ignobilis","BAR_BAY","indval","maxN"
0.05,"Caranx papuensis","BAR_BAY","indval","maxN"
0.2,"Centropyge tibicen","BAR_BAY","indval","maxN"
0.3,"Chaetodon auriga","BAR_BAY","indval","maxN"
0.05,"Chaetodon ephippium","BAR_BAY","indval","maxN"
0.25,"Chaetodon kleinii","BAR_BAY","indval","maxN"
0.05,"Chaetodon melannotus","BAR_BAY","indval","maxN"
0.15,"Chaetodon mertensii","BAR_BAY","indval","maxN"
0.05,"Chaetodon plebeius","BAR_BAY","indval","maxN"
0.05,"Cheilinus chlorourus","BAR_BAY","indval","maxN"
0.05,"Cheilio inermis","BAR_BAY","indval","maxN"
0.05,"Cheilodipterus quinquelineatus","BAR_BAY","indval","maxN"
0.05,"Chlorurus sordidus","BAR_BAY","indval","maxN"
0.05,"Choerodon graphicus","BAR_BAY","indval","maxN"
0.1,"Chromis fumea","BAR_BAY","indval","maxN"
0.25,"Chromis viridis","BAR_BAY","indval","maxN"
0.1,"Chrysiptera biocellata","BAR_BAY","indval","maxN"
0.05,"Coris batuensis","BAR_BAY","indval","maxN"
0.25,"Coris dorsomacula","BAR_BAY","indval","maxN"
0.1,"Ctenochaetus striatus","BAR_BAY","indval","maxN"
0.35,"Dascyllus aruanus","BAR_BAY","indval","maxN"
0.05,"Dasyatis kuhlii","BAR_BAY","indval","maxN"
0.15,"Decapterus macarellus","BAR_BAY","indval","maxN"
0.05,"Diagramma pictum","BAR_BAY","indval","maxN"
0.15625,"Echeneis naucrates","BAR_BAY","indval","maxN"
0.05,"Elops hawaiensis","BAR_BAY","indval","maxN"
0.1,"Epinephelus areolatus","BAR_BAY","indval","maxN"
0.05,"Epinephelus howlandi","BAR_BAY","indval","maxN"
0.15,"Epinephelus maculatus","BAR_BAY","indval","maxN"
0.05,"Epinephelus merra","BAR_BAY","indval","maxN"
0.1,"Gnathanodon speciosus","BAR_BAY","indval","maxN"
0.2,"Gymnocranius grandoculis","BAR_BAY","indval","maxN"
0.05,"Halichoeres chrysus","BAR_BAY","indval","maxN"
0.834821428571429,"Halichoeres trimaculatus","BAR_BAY","indval","maxN"
0.05,"Hemigymnus melapterus","BAR_BAY","indval","maxN"
0.05,"Heniochus acuminatus","BAR_BAY","indval","maxN"
0.15,"Labroides dimidiatus","BAR_BAY","indval","maxN"
0.291666666666667,"Lagocephalus sceleratus","BAR_BAY","indval","maxN"
0.2,"Leiognathus fasciatus","BAR_BAY","indval","maxN"
0.1,"Lethrinus atkinsoni","BAR_BAY","indval","maxN"
0.296491228070175,"Lethrinus genivittatus","BAR_BAY","indval","maxN"
0.65,"Lethrinus obsoletus","BAR_BAY","indval","maxN"
0.8,"Lethrinus rubrioperculatus","BAR_BAY","indval","maxN"
0.75,"Lethrinus variegatus","BAR_BAY","indval","maxN"
0.05,"Lutjanus gibbus","BAR_BAY","indval","maxN"
0.05,"Lutjanus lutjanus","BAR_BAY","indval","maxN"
0.103125,"Lutjanus vitta","BAR_BAY","indval","maxN"
0.05,"Macropharyngodon negrosensis","BAR_BAY","indval","maxN"
0.4,"Mulloidichthys flavolineatus","BAR_BAY","indval","maxN"
0.1,"Naso annulatus","BAR_BAY","indval","maxN"
0.05,"Naso brevirostris","BAR_BAY","indval","maxN"
0.05,"Nebrius ferrugineus","BAR_BAY","indval","maxN"
0.85,"Nemipterus peronii","BAR_BAY","indval","maxN"
0.75,"Oxycheilinus bimaculatus","BAR_BAY","indval","maxN"
0.25,"Oxycheilinus nigromarginatus","BAR_BAY","indval","maxN"
0.05,"Oxycheilinus unifasciatus","BAR_BAY","indval","maxN"
0.7,"Parapercis australis","BAR_BAY","indval","maxN"
0.1,"Parapercis clathrata","BAR_BAY","indval","maxN"
0.1,"Parapercis hexophtalma","BAR_BAY","indval","maxN"
0.05,"Parapercis xanthozona","BAR_BAY","indval","maxN"
0.7,"Parupeneus barberinoides","BAR_BAY","indval","maxN"
0.1,"Parupeneus barberinus","BAR_BAY","indval","maxN"
0.1,"Parupeneus cyclostomus","BAR_BAY","indval","maxN"
0.0875,"Parupeneus heptacanthus","BAR_BAY","indval","maxN"
0.5,"Parupeneus multifasciatus","BAR_BAY","indval","maxN"
0.85,"Parupeneus pleurostigma","BAR_BAY","indval","maxN"
0.05,"Parupeneus spilurus","BAR_BAY","indval","maxN"
0.0333333333333333,"Pentapodus caninus","BAR_BAY","indval","maxN"
0.75,"Pentapodus nagasakiensis","BAR_BAY","indval","maxN"
0.05,"Plagiotremus rhinorhynchos","BAR_BAY","indval","maxN"
0.2,"Plagiotremus tapeinosoma","BAR_BAY","indval","maxN"
0.15,"Plectropomus leopardus","BAR_BAY","indval","maxN"
0.05,"Pomacanthus imperator","BAR_BAY","indval","maxN"
0.35,"Pomacentrus coelestis","BAR_BAY","indval","maxN"
0.2,"Pomacentrus moluccensis","BAR_BAY","indval","maxN"
0.05,"Pomacentrus nagasakiensis","BAR_BAY","indval","maxN"
0.15,"Pristotis obtusirostris","BAR_BAY","indval","maxN"
0.05,"Pseudalutarius nasicornis","BAR_BAY","indval","maxN"
0.05,"Pseudanthias hypselosoma","BAR_BAY","indval","maxN"
0.05,"Pseudobalistes flavimarginatus","BAR_BAY","indval","maxN"
0.3,"Pseudobalistes fuscus","BAR_BAY","indval","maxN"
0.05,"Pseudocaranx dentex","BAR_BAY","indval","maxN"
0.05,"Pseudojuloides cerasinus","BAR_BAY","indval","maxN"
0.25,"Ptereleotris microlepis","BAR_BAY","indval","maxN"
0.05,"Pterocaesio marri","BAR_BAY","indval","maxN"
0.1,"Pterocaesio trilineata","BAR_BAY","indval","maxN"
0.05,"Rhinecanthus aculeatus","BAR_BAY","indval","maxN"
0.05,"Rhynchobatus Djiddensis","BAR_BAY","indval","maxN"
0.05,"Scarus chameleon","BAR_BAY","indval","maxN"
0.25,"Scarus ghobban","BAR_BAY","indval","maxN"
0.05,"Scarus longipinnis","BAR_BAY","indval","maxN"
0.3,"Scarus psittacus","BAR_BAY","indval","maxN"
0.15,"Scarus schlegeli","BAR_BAY","indval","maxN"
0.05,"Scolopsis lineata","BAR_BAY","indval","maxN"
0.05,"Scomberoides tol","BAR_BAY","indval","maxN"
0.09,"Scomberomorus commerson","BAR_BAY","indval","maxN"
0.05,"Siganus doliatus","BAR_BAY","indval","maxN"
0.05,"Siganus punctatus","BAR_BAY","indval","maxN"
0.05,"Stegastes nigricans","BAR_BAY","indval","maxN"
0.05,"Stethojulis bandanensis","BAR_BAY","indval","maxN"
0.4,"Stethojulis interrupta","BAR_BAY","indval","maxN"
0.15,"Stethojulis strigiventer","BAR_BAY","indval","maxN"
0.35,"Sufflamen chrysopterum","BAR_BAY","indval","maxN"
0.15,"Sufflamen fraenatum","BAR_BAY","indval","maxN"
0.3,"Synodus variegatus","BAR_BAY","indval","maxN"
0.05,"Taeniura meyeni","BAR_BAY","indval","maxN"
0.734265734265734,"Thalassoma lunare","BAR_BAY","indval","maxN"
0.238888888888889,"Upeneus sundaicus","BAR_BAY","indval","maxN"
0.1,"Upeneus tragula","BAR_BAY","indval","maxN"
0.05,"Upeneus vittatus","BAR_BAY","indval","maxN"
0.05,"Valenciennea decora","BAR_BAY","indval","maxN"
0.05,"Valenciennea longipinnis","BAR_BAY","indval","maxN"
0.05,"Valenciennea puellaris","BAR_BAY","indval","maxN"
0.05,"Vanderhorstia ambanoro","BAR_BAY","indval","maxN"
0.05,"Zebrasoma velifer","BAR_BAY","indval","maxN"
0.114285714285714,"Abalistes stellatus","BAR_LAG","indval","maxN"
0.15,"Acanthurus blochii","BAR_LAG","indval","maxN"
0.05,"Acanthurus mata","BAR_LAG","indval","maxN"
0.05,"Acanthurus nigricauda","BAR_LAG","indval","maxN"
0.1,"Acanthurus olivaceus","BAR_LAG","indval","maxN"
0.15,"Acanthurus xanthopterus","BAR_LAG","indval","maxN"
0.05,"Acreichthys tomentosus","BAR_LAG","indval","maxN"
0.05,"Aetobatus narinari","BAR_LAG","indval","maxN"
0.05,"Amblyeleotris steinitzi","BAR_LAG","indval","maxN"
0.3,"Amblygobius phalaena","BAR_LAG","indval","maxN"
0.1,"Amblygobius sphynx","BAR_LAG","indval","maxN"
0.0333333333333333,"Aprion virescens","BAR_LAG","indval","maxN"
0.2,"Arothron stellatus","BAR_LAG","indval","maxN"
0.25,"Atule mate","BAR_LAG","indval","maxN"
0.05,"Balistoides viridescens","BAR_LAG","indval","maxN"
0.05,"Bodianus loxozonus","BAR_LAG","indval","maxN"
0.1,"Bodianus perditio","BAR_LAG","indval","maxN"
0.05,"Caesio caerulaurea","BAR_LAG","indval","maxN"
0.15,"Canthigaster valentini","BAR_LAG","indval","maxN"
0.1,"Carangoides dinema","BAR_LAG","indval","maxN"
0.0458333333333333,"Carangoides fulvoguttatus","BAR_LAG","indval","maxN"
0.05,"Carangoides plagiotaenia","BAR_LAG","indval","maxN"
0.025,"Caranx ignobilis","BAR_LAG","indval","maxN"
0.05,"Carcharhinus leucas","BAR_LAG","indval","maxN"
0.2,"Centropyge tibicen","BAR_LAG","indval","maxN"
0.3,"Chaetodon auriga","BAR_LAG","indval","maxN"
0.05,"Chaetodon ephippium","BAR_LAG","indval","maxN"
0.25,"Chaetodon kleinii","BAR_LAG","indval","maxN"
0.05,"Chaetodon melannotus","BAR_LAG","indval","maxN"
0.15,"Chaetodon mertensii","BAR_LAG","indval","maxN"
0.05,"Chaetodon plebeius","BAR_LAG","indval","maxN"
0.05,"Cheilinus chlorourus","BAR_LAG","indval","maxN"
0.05,"Cheilio inermis","BAR_LAG","indval","maxN"
0.05,"Cheilodipterus quinquelineatus","BAR_LAG","indval","maxN"
0.05,"Chlorurus sordidus","BAR_LAG","indval","maxN"
0.05,"Choerodon graphicus","BAR_LAG","indval","maxN"
0.1,"Chromis fumea","BAR_LAG","indval","maxN"
0.25,"Chromis viridis","BAR_LAG","indval","maxN"
0.1,"Chrysiptera biocellata","BAR_LAG","indval","maxN"
0.05,"Coris batuensis","BAR_LAG","indval","maxN"
0.1,"Coris caudimacula","BAR_LAG","indval","maxN"
0.208333333333333,"Coris dorsomacula","BAR_LAG","indval","maxN"
0.1,"Ctenochaetus striatus","BAR_LAG","indval","maxN"
0.35,"Dascyllus aruanus","BAR_LAG","indval","maxN"
0.05,"Dasyatis kuhlii","BAR_LAG","indval","maxN"
0.25,"Decapterus macarellus","BAR_LAG","indval","maxN"
0.075,"Diagramma pictum","BAR_LAG","indval","maxN"
0.0857142857142857,"Echeneis naucrates","BAR_LAG","indval","maxN"
0.05,"Epinephelus howlandi","BAR_LAG","indval","maxN"
0.15,"Epinephelus maculatus","BAR_LAG","indval","maxN"
0.05,"Epinephelus malabaricus","BAR_LAG","indval","maxN"
0.05,"Epinephelus merra","BAR_LAG","indval","maxN"
0.05,"Galeocerdo cuvier","BAR_LAG","indval","maxN"
0.2,"Gymnocranius grandoculis","BAR_LAG","indval","maxN"
0.05,"Halichoeres chrysus","BAR_LAG","indval","maxN"
0.85,"Halichoeres trimaculatus","BAR_LAG","indval","maxN"
0.05,"Hemigymnus melapterus","BAR_LAG","indval","maxN"
0.05,"Heniochus acuminatus","BAR_LAG","indval","maxN"
0.05,"Himantura fai","BAR_LAG","indval","maxN"
0.15,"Labroides dimidiatus","BAR_LAG","indval","maxN"
0.232258064516129,"Lagocephalus sceleratus","BAR_LAG","indval","maxN"
0.1,"Lethrinus atkinsoni","BAR_LAG","indval","maxN"
0.670748299319728,"Lethrinus genivittatus","BAR_LAG","indval","maxN"
0.2,"Lethrinus obsoletus","BAR_LAG","indval","maxN"
0.05,"Lethrinus olivaceus","BAR_LAG","indval","maxN"
0.786885245901639,"Lethrinus rubrioperculatus","BAR_LAG","indval","maxN"
0.75,"Lethrinus variegatus","BAR_LAG","indval","maxN"
0.05,"Lutjanus gibbus","BAR_LAG","indval","maxN"
0.1,"Lutjanus vitta","BAR_LAG","indval","maxN"
0.05,"Macropharyngodon negrosensis","BAR_LAG","indval","maxN"
0.4,"Mulloidichthys flavolineatus","BAR_LAG","indval","maxN"
0.1,"Naso annulatus","BAR_LAG","indval","maxN"
0.05,"Naso brevirostris","BAR_LAG","indval","maxN"
0.05,"Nebrius ferrugineus","BAR_LAG","indval","maxN"
0.9,"Nemipterus peronii","BAR_LAG","indval","maxN"
0.1,"Oplopomus oplopomus","BAR_LAG","indval","maxN"
0.730263157894737,"Oxycheilinus bimaculatus","BAR_LAG","indval","maxN"
0.25,"Oxycheilinus nigromarginatus","BAR_LAG","indval","maxN"
0.05,"Oxycheilinus unifasciatus","BAR_LAG","indval","maxN"
0.7,"Parapercis australis","BAR_LAG","indval","maxN"
0.1,"Parapercis hexophtalma","BAR_LAG","indval","maxN"
0.7,"Parupeneus barberinoides","BAR_LAG","indval","maxN"
0.1,"Parupeneus barberinus","BAR_LAG","indval","maxN"
0.1,"Parupeneus cyclostomus","BAR_LAG","indval","maxN"
0.117647058823529,"Parupeneus heptacanthus","BAR_LAG","indval","maxN"
0.5,"Parupeneus multifasciatus","BAR_LAG","indval","maxN"
0.85,"Parupeneus pleurostigma","BAR_LAG","indval","maxN"
0.05,"Parupeneus spilurus","BAR_LAG","indval","maxN"
0.05,"Pentapodus caninus","BAR_LAG","indval","maxN"
0.479323308270677,"Pentapodus nagasakiensis","BAR_LAG","indval","maxN"
0.05,"Plagiotremus rhinorhynchos","BAR_LAG","indval","maxN"
0.2,"Plagiotremus tapeinosoma","BAR_LAG","indval","maxN"
0.15,"Plectropomus leopardus","BAR_LAG","indval","maxN"
0.05,"Pomacanthus imperator","BAR_LAG","indval","maxN"
0.35,"Pomacentrus coelestis","BAR_LAG","indval","maxN"
0.2,"Pomacentrus moluccensis","BAR_LAG","indval","maxN"
0.05,"Pomacentrus nagasakiensis","BAR_LAG","indval","maxN"
0.082258064516129,"Pristotis obtusirostris","BAR_LAG","indval","maxN"
0.409090909090909,"Pseudalutarius nasicornis","BAR_LAG","indval","maxN"
0.05,"Pseudanthias hypselosoma","BAR_LAG","indval","maxN"
0.05,"Pseudobalistes flavimarginatus","BAR_LAG","indval","maxN"
0.3,"Pseudobalistes fuscus","BAR_LAG","indval","maxN"
0.15,"Pseudocaranx dentex","BAR_LAG","indval","maxN"
0.05,"Pseudojuloides cerasinus","BAR_LAG","indval","maxN"
0.25,"Ptereleotris microlepis","BAR_LAG","indval","maxN"
0.05,"Pterocaesio marri","BAR_LAG","indval","maxN"
0.1,"Pterocaesio trilineata","BAR_LAG","indval","maxN"
0.05,"Rhinecanthus aculeatus","BAR_LAG","indval","maxN"
0.05,"Scarus chameleon","BAR_LAG","indval","maxN"
0.25,"Scarus ghobban","BAR_LAG","indval","maxN"
0.05,"Scarus longipinnis","BAR_LAG","indval","maxN"
0.3,"Scarus psittacus","BAR_LAG","indval","maxN"
0.15,"Scarus schlegeli","BAR_LAG","indval","maxN"
0.05,"Scolopsis lineata","BAR_LAG","indval","maxN"
0.05,"Scomberoides tol","BAR_LAG","indval","maxN"
0.21,"Scomberomorus commerson","BAR_LAG","indval","maxN"
0.05,"Siganus doliatus","BAR_LAG","indval","maxN"
0.05,"Siganus punctatus","BAR_LAG","indval","maxN"
0.05,"Sphyrna mokarran","BAR_LAG","indval","maxN"
0.05,"Stegastes nigricans","BAR_LAG","indval","maxN"
0.05,"Stethojulis bandanensis","BAR_LAG","indval","maxN"
0.4,"Stethojulis interrupta","BAR_LAG","indval","maxN"
0.15,"Stethojulis strigiventer","BAR_LAG","indval","maxN"
0.35,"Sufflamen chrysopterum","BAR_LAG","indval","maxN"
0.15,"Sufflamen fraenatum","BAR_LAG","indval","maxN"
0.05,"Synodus dermatogenys","BAR_LAG","indval","maxN"
0.4,"Synodus variegatus","BAR_LAG","indval","maxN"
0.025,"Taeniura meyeni","BAR_LAG","indval","maxN"
0.75,"Thalassoma lunare","BAR_LAG","indval","maxN"
0.3,"Upeneus moluccensis","BAR_LAG","indval","maxN"
0.202830188679245,"Upeneus sundaicus","BAR_LAG","indval","maxN"
0.15,"Upeneus tragula","BAR_LAG","indval","maxN"
0.1,"Upeneus vittatus","BAR_LAG","indval","maxN"
0.05,"Valenciennea decora","BAR_LAG","indval","maxN"
0.05,"Valenciennea longipinnis","BAR_LAG","indval","maxN"
0.05,"Valenciennea puellaris","BAR_LAG","indval","maxN"
0.05,"Zebrasoma velifer","BAR_LAG","indval","maxN"
0.114285714285714,"Abalistes stellatus","BAY_LAG","indval","maxN"
0.05,"Acreichthys tomentosus","BAY_LAG","indval","maxN"
0.05,"Aetobatus narinari","BAY_LAG","indval","maxN"
0.1,"Amblygobius sphynx","BAY_LAG","indval","maxN"
0.05,"Aprion virescens","BAY_LAG","indval","maxN"
0.2,"Arothron stellatus","BAY_LAG","indval","maxN"
0.466666666666667,"Atule mate","BAY_LAG","indval","maxN"
0.05,"Canthigaster bennetti","BAY_LAG","indval","maxN"
0.08,"Carangoides dinema","BAY_LAG","indval","maxN"
0.05,"Carangoides fulvoguttatus","BAY_LAG","indval","maxN"
0.05,"Carangoides plagiotaenia","BAY_LAG","indval","maxN"
0.05,"Caranx ignobilis","BAY_LAG","indval","maxN"
0.05,"Caranx papuensis","BAY_LAG","indval","maxN"
0.05,"Carcharhinus leucas","BAY_LAG","indval","maxN"
0.1,"Coris caudimacula","BAY_LAG","indval","maxN"
0.05,"Coris dorsomacula","BAY_LAG","indval","maxN"
0.220959595959596,"Decapterus macarellus","BAY_LAG","indval","maxN"
0.075,"Diagramma pictum","BAY_LAG","indval","maxN"
0.138888888888889,"Echeneis naucrates","BAY_LAG","indval","maxN"
0.05,"Elops hawaiensis","BAY_LAG","indval","maxN"
0.1,"Epinephelus areolatus","BAY_LAG","indval","maxN"
0.05,"Epinephelus malabaricus","BAY_LAG","indval","maxN"
0.05,"Galeocerdo cuvier","BAY_LAG","indval","maxN"
0.1,"Gnathanodon speciosus","BAY_LAG","indval","maxN"
0.05,"Halichoeres trimaculatus","BAY_LAG","indval","maxN"
0.05,"Himantura fai","BAY_LAG","indval","maxN"
0.207627118644068,"Lagocephalus sceleratus","BAY_LAG","indval","maxN"
0.2,"Leiognathus fasciatus","BAY_LAG","indval","maxN"
0.694366197183099,"Lethrinus genivittatus","BAY_LAG","indval","maxN"
0.423913043478261,"Lethrinus obsoletus","BAY_LAG","indval","maxN"
0.05,"Lethrinus olivaceus","BAY_LAG","indval","maxN"
0.05,"Lethrinus rubrioperculatus","BAY_LAG","indval","maxN"
0.05,"Lutjanus lutjanus","BAY_LAG","indval","maxN"
0.15,"Lutjanus vitta","BAY_LAG","indval","maxN"
0.582352941176471,"Nemipterus peronii","BAY_LAG","indval","maxN"
0.1,"Oplopomus oplopomus","BAY_LAG","indval","maxN"
0.05,"Oxycheilinus bimaculatus","BAY_LAG","indval","maxN"
0.1,"Parapercis clathrata","BAY_LAG","indval","maxN"
0.05,"Parapercis xanthozona","BAY_LAG","indval","maxN"
0.133333333333333,"Parupeneus heptacanthus","BAY_LAG","indval","maxN"
0.05,"Pentapodus caninus","BAY_LAG","indval","maxN"
0.6,"Pentapodus nagasakiensis","BAY_LAG","indval","maxN"
0.1,"Pristotis obtusirostris","BAY_LAG","indval","maxN"
0.45,"Pseudalutarius nasicornis","BAY_LAG","indval","maxN"
0.0709090909090909,"Pseudocaranx dentex","BAY_LAG","indval","maxN"
0.05,"Rhynchobatus Djiddensis","BAY_LAG","indval","maxN"
0.233333333333333,"Scomberomorus commerson","BAY_LAG","indval","maxN"
0.05,"Sphyrna mokarran","BAY_LAG","indval","maxN"
0.05,"Synodus dermatogenys","BAY_LAG","indval","maxN"
0.211764705882353,"Synodus variegatus","BAY_LAG","indval","maxN"
0.05,"Taeniura meyeni","BAY_LAG","indval","maxN"
0.05,"Thalassoma lunare","BAY_LAG","indval","maxN"
0.3,"Upeneus moluccensis","BAY_LAG","indval","maxN"
0.208333333333333,"Upeneus sundaicus","BAY_LAG","indval","maxN"
0.0666666666666667,"Upeneus tragula","BAY_LAG","indval","maxN"
0.0928571428571429,"Upeneus vittatus","BAY_LAG","indval","maxN"
0.05,"Vanderhorstia ambanoro","BAY_LAG","indval","maxN"
0.0942307692307692,"Abalistes stellatus","INSHORE_OFFSHORE","indval","maxN"
0.15,"Acanthurus blochii","INSHORE_OFFSHORE","indval","maxN"
0.05,"Acanthurus mata","INSHORE_OFFSHORE","indval","maxN"
0.05,"Acanthurus nigricauda","INSHORE_OFFSHORE","indval","maxN"
0.1,"Acanthurus olivaceus","INSHORE_OFFSHORE","indval","maxN"
0.15,"Acanthurus xanthopterus","INSHORE_OFFSHORE","indval","maxN"
0.025,"Acreichthys tomentosus","INSHORE_OFFSHORE","indval","maxN"
0.025,"Aetobatus narinari","INSHORE_OFFSHORE","indval","maxN"
0.05,"Amblyeleotris steinitzi","INSHORE_OFFSHORE","indval","maxN"
0.3,"Amblygobius phalaena","INSHORE_OFFSHORE","indval","maxN"
0.05,"Amblygobius sphynx","INSHORE_OFFSHORE","indval","maxN"
0.04,"Aprion virescens","INSHORE_OFFSHORE","indval","maxN"
0.1,"Arothron stellatus","INSHORE_OFFSHORE","indval","maxN"
0.425,"Atule mate","INSHORE_OFFSHORE","indval","maxN"
0.05,"Balistoides viridescens","INSHORE_OFFSHORE","indval","maxN"
0.05,"Bodianus loxozonus","INSHORE_OFFSHORE","indval","maxN"
0.1,"Bodianus perditio","INSHORE_OFFSHORE","indval","maxN"
0.05,"Caesio caerulaurea","INSHORE_OFFSHORE","indval","maxN"
0.025,"Canthigaster bennetti","INSHORE_OFFSHORE","indval","maxN"
0.15,"Canthigaster valentini","INSHORE_OFFSHORE","indval","maxN"
0.075,"Carangoides dinema","INSHORE_OFFSHORE","indval","maxN"
0.0211538461538462,"Carangoides fulvoguttatus","INSHORE_OFFSHORE","indval","maxN"
0.025,"Carangoides plagiotaenia","INSHORE_OFFSHORE","indval","maxN"
0.0333333333333333,"Caranx ignobilis","INSHORE_OFFSHORE","indval","maxN"
0.025,"Caranx papuensis","INSHORE_OFFSHORE","indval","maxN"
0.025,"Carcharhinus leucas","INSHORE_OFFSHORE","indval","maxN"
0.2,"Centropyge tibicen","INSHORE_OFFSHORE","indval","maxN"
0.3,"Chaetodon auriga","INSHORE_OFFSHORE","indval","maxN"
0.05,"Chaetodon ephippium","INSHORE_OFFSHORE","indval","maxN"
0.25,"Chaetodon kleinii","INSHORE_OFFSHORE","indval","maxN"
0.05,"Chaetodon melannotus","INSHORE_OFFSHORE","indval","maxN"
0.15,"Chaetodon mertensii","INSHORE_OFFSHORE","indval","maxN"
0.05,"Chaetodon plebeius","INSHORE_OFFSHORE","indval","maxN"
0.05,"Cheilinus chlorourus","INSHORE_OFFSHORE","indval","maxN"
0.05,"Cheilio inermis","INSHORE_OFFSHORE","indval","maxN"
0.05,"Cheilodipterus quinquelineatus","INSHORE_OFFSHORE","indval","maxN"
0.05,"Chlorurus sordidus","INSHORE_OFFSHORE","indval","maxN"
0.05,"Choerodon graphicus","INSHORE_OFFSHORE","indval","maxN"
0.1,"Chromis fumea","INSHORE_OFFSHORE","indval","maxN"
0.25,"Chromis viridis","INSHORE_OFFSHORE","indval","maxN"
0.1,"Chrysiptera biocellata","INSHORE_OFFSHORE","indval","maxN"
0.05,"Coris batuensis","INSHORE_OFFSHORE","indval","maxN"
0.05,"Coris caudimacula","INSHORE_OFFSHORE","indval","maxN"
0.227272727272727,"Coris dorsomacula","INSHORE_OFFSHORE","indval","maxN"
0.1,"Ctenochaetus striatus","INSHORE_OFFSHORE","indval","maxN"
0.35,"Dascyllus aruanus","INSHORE_OFFSHORE","indval","maxN"
0.05,"Dasyatis kuhlii","INSHORE_OFFSHORE","indval","maxN"
0.2,"Decapterus macarellus","INSHORE_OFFSHORE","indval","maxN"
0.06,"Diagramma pictum","INSHORE_OFFSHORE","indval","maxN"
0.12,"Echeneis naucrates","INSHORE_OFFSHORE","indval","maxN"
0.025,"Elops hawaiensis","INSHORE_OFFSHORE","indval","maxN"
0.05,"Epinephelus areolatus","INSHORE_OFFSHORE","indval","maxN"
0.05,"Epinephelus howlandi","INSHORE_OFFSHORE","indval","maxN"
0.15,"Epinephelus maculatus","INSHORE_OFFSHORE","indval","maxN"
0.025,"Epinephelus malabaricus","INSHORE_OFFSHORE","indval","maxN"
0.05,"Epinephelus merra","INSHORE_OFFSHORE","indval","maxN"
0.025,"Galeocerdo cuvier","INSHORE_OFFSHORE","indval","maxN"
0.05,"Gnathanodon speciosus","INSHORE_OFFSHORE","indval","maxN"
0.2,"Gymnocranius grandoculis","INSHORE_OFFSHORE","indval","maxN"
0.05,"Halichoeres chrysus","INSHORE_OFFSHORE","indval","maxN"
0.842342342342342,"Halichoeres trimaculatus","INSHORE_OFFSHORE","indval","maxN"
0.05,"Hemigymnus melapterus","INSHORE_OFFSHORE","indval","maxN"
0.05,"Heniochus acuminatus","INSHORE_OFFSHORE","indval","maxN"
0.025,"Himantura fai","INSHORE_OFFSHORE","indval","maxN"
0.15,"Labroides dimidiatus","INSHORE_OFFSHORE","indval","maxN"
0.262671232876712,"Lagocephalus sceleratus","INSHORE_OFFSHORE","indval","maxN"
0.1,"Leiognathus fasciatus","INSHORE_OFFSHORE","indval","maxN"
0.1,"Lethrinus atkinsoni","INSHORE_OFFSHORE","indval","maxN"
0.522058823529412,"Lethrinus genivittatus","INSHORE_OFFSHORE","indval","maxN"
0.425,"Lethrinus obsoletus","INSHORE_OFFSHORE","indval","maxN"
0.025,"Lethrinus olivaceus","INSHORE_OFFSHORE","indval","maxN"
0.793388429752066,"Lethrinus rubrioperculatus","INSHORE_OFFSHORE","indval","maxN"
0.75,"Lethrinus variegatus","INSHORE_OFFSHORE","indval","maxN"
0.05,"Lutjanus gibbus","INSHORE_OFFSHORE","indval","maxN"
0.025,"Lutjanus lutjanus","INSHORE_OFFSHORE","indval","maxN"
0.0476190476190476,"Lutjanus vitta","INSHORE_OFFSHORE","indval","maxN"
0.05,"Macropharyngodon negrosensis","INSHORE_OFFSHORE","indval","maxN"
0.4,"Mulloidichthys flavolineatus","INSHORE_OFFSHORE","indval","maxN"
0.1,"Naso annulatus","INSHORE_OFFSHORE","indval","maxN"
0.05,"Naso brevirostris","INSHORE_OFFSHORE","indval","maxN"
0.05,"Nebrius ferrugineus","INSHORE_OFFSHORE","indval","maxN"
0.875,"Nemipterus peronii","INSHORE_OFFSHORE","indval","maxN"
0.05,"Oplopomus oplopomus","INSHORE_OFFSHORE","indval","maxN"
0.74,"Oxycheilinus bimaculatus","INSHORE_OFFSHORE","indval","maxN"
0.25,"Oxycheilinus nigromarginatus","INSHORE_OFFSHORE","indval","maxN"
0.05,"Oxycheilinus unifasciatus","INSHORE_OFFSHORE","indval","maxN"
0.7,"Parapercis australis","INSHORE_OFFSHORE","indval","maxN"
0.05,"Parapercis clathrata","INSHORE_OFFSHORE","indval","maxN"
0.1,"Parapercis hexophtalma","INSHORE_OFFSHORE","indval","maxN"
0.025,"Parapercis xanthozona","INSHORE_OFFSHORE","indval","maxN"
0.7,"Parupeneus barberinoides","INSHORE_OFFSHORE","indval","maxN"
0.1,"Parupeneus barberinus","INSHORE_OFFSHORE","indval","maxN"
0.1,"Parupeneus cyclostomus","INSHORE_OFFSHORE","indval","maxN"
0.0775862068965517,"Parupeneus heptacanthus","INSHORE_OFFSHORE","indval","maxN"
0.5,"Parupeneus multifasciatus","INSHORE_OFFSHORE","indval","maxN"
0.85,"Parupeneus pleurostigma","INSHORE_OFFSHORE","indval","maxN"
0.05,"Parupeneus spilurus","INSHORE_OFFSHORE","indval","maxN"
0.04,"Pentapodus caninus","INSHORE_OFFSHORE","indval","maxN"
0.584862385321101,"Pentapodus nagasakiensis","INSHORE_OFFSHORE","indval","maxN"
0.05,"Plagiotremus rhinorhynchos","INSHORE_OFFSHORE","indval","maxN"
0.2,"Plagiotremus tapeinosoma","INSHORE_OFFSHORE","indval","maxN"
0.15,"Plectropomus leopardus","INSHORE_OFFSHORE","indval","maxN"
0.05,"Pomacanthus imperator","INSHORE_OFFSHORE","indval","maxN"
0.35,"Pomacentrus coelestis","INSHORE_OFFSHORE","indval","maxN"
0.2,"Pomacentrus moluccensis","INSHORE_OFFSHORE","indval","maxN"
0.05,"Pomacentrus nagasakiensis","INSHORE_OFFSHORE","indval","maxN"
0.10625,"Pristotis obtusirostris","INSHORE_OFFSHORE","indval","maxN"
0.1875,"Pseudalutarius nasicornis","INSHORE_OFFSHORE","indval","maxN"
0.05,"Pseudanthias hypselosoma","INSHORE_OFFSHORE","indval","maxN"
0.05,"Pseudobalistes flavimarginatus","INSHORE_OFFSHORE","indval","maxN"
0.3,"Pseudobalistes fuscus","INSHORE_OFFSHORE","indval","maxN"
0.1,"Pseudocaranx dentex","INSHORE_OFFSHORE","indval","maxN"
0.05,"Pseudojuloides cerasinus","INSHORE_OFFSHORE","indval","maxN"
0.25,"Ptereleotris microlepis","INSHORE_OFFSHORE","indval","maxN"
0.05,"Pterocaesio marri","INSHORE_OFFSHORE","indval","maxN"
0.1,"Pterocaesio trilineata","INSHORE_OFFSHORE","indval","maxN"
0.05,"Rhinecanthus aculeatus","INSHORE_OFFSHORE","indval","maxN"
0.025,"Rhynchobatus Djiddensis","INSHORE_OFFSHORE","indval","maxN"
0.05,"Scarus chameleon","INSHORE_OFFSHORE","indval","maxN"
0.25,"Scarus ghobban","INSHORE_OFFSHORE","indval","maxN"
0.05,"Scarus longipinnis","INSHORE_OFFSHORE","indval","maxN"
0.3,"Scarus psittacus","INSHORE_OFFSHORE","indval","maxN"
0.15,"Scarus schlegeli","INSHORE_OFFSHORE","indval","maxN"
0.05,"Scolopsis lineata","INSHORE_OFFSHORE","indval","maxN"
0.05,"Scomberoides tol","INSHORE_OFFSHORE","indval","maxN"
0.12,"Scomberomorus commerson","INSHORE_OFFSHORE","indval","maxN"
0.05,"Siganus doliatus","INSHORE_OFFSHORE","indval","maxN"
0.05,"Siganus punctatus","INSHORE_OFFSHORE","indval","maxN"
0.025,"Sphyrna mokarran","INSHORE_OFFSHORE","indval","maxN"
0.05,"Stegastes nigricans","INSHORE_OFFSHORE","indval","maxN"
0.05,"Stethojulis bandanensis","INSHORE_OFFSHORE","indval","maxN"
0.4,"Stethojulis interrupta","INSHORE_OFFSHORE","indval","maxN"
0.15,"Stethojulis strigiventer","INSHORE_OFFSHORE","indval","maxN"
0.35,"Sufflamen chrysopterum","INSHORE_OFFSHORE","indval","maxN"
0.15,"Sufflamen fraenatum","INSHORE_OFFSHORE","indval","maxN"
0.025,"Synodus dermatogenys","INSHORE_OFFSHORE","indval","maxN"
0.35,"Synodus variegatus","INSHORE_OFFSHORE","indval","maxN"
0.0333333333333333,"Taeniura meyeni","INSHORE_OFFSHORE","indval","maxN"
0.742049469964664,"Thalassoma lunare","INSHORE_OFFSHORE","indval","maxN"
0.15,"Upeneus moluccensis","INSHORE_OFFSHORE","indval","maxN"
0.219387755102041,"Upeneus sundaicus","INSHORE_OFFSHORE","indval","maxN"
0.125,"Upeneus tragula","INSHORE_OFFSHORE","indval","maxN"
0.075,"Upeneus vittatus","INSHORE_OFFSHORE","indval","maxN"
0.05,"Valenciennea decora","INSHORE_OFFSHORE","indval","maxN"
0.05,"Valenciennea longipinnis","INSHORE_OFFSHORE","indval","maxN"
0.05,"Valenciennea puellaris","INSHORE_OFFSHORE","indval","maxN"
0.025,"Vanderhorstia ambanoro","INSHORE_OFFSHORE","indval","maxN"
0.05,"Zebrasoma velifer","INSHORE_OFFSHORE","indval","maxN"
17.8333333333333,"Halichoeres trimaculatus","BAR_BAY","bininter","pres/abs"
18.5833333333333,"Lethrinus rubrioperculatus","BAR_BAY","bininter","pres/abs"
18.5833333333333,"Halichoeres trimaculatus","BAR_LAG","bininter","pres/abs"
20.0833333333333,"Lethrinus rubrioperculatus","BAR_LAG","bininter","pres/abs"
16.9166666666667,"Oxycheilinus bimaculatus","BAR_LAG","bininter","pres/abs"
15.25,"Parapercis australis","BAR_LAG","bininter","pres/abs"
18.5833333333333,"Parupeneus pleurostigma","BAR_LAG","bininter","pres/abs"
2.16666666666667,"Lethrinus genivittatus","BAY_LAG","bininter","pres/abs"
-2.33333333333333,"Nemipterus peronii","BAY_LAG","bininter","pres/abs"
20.25,"Pentapodus nagasakiensis","BAY_LAG","bininter","pres/abs"
21.5454545454545,"Halichoeres trimaculatus","INSHORE_OFFSHORE","bininter","pres/abs"
22.3636363636364,"Parupeneus pleurostigma","INSHORE_OFFSHORE","bininter","pres/abs"
22.1166666666667,"Halichoeres trimaculatus","BAR_BAY","bininter","maxN"
11.5833333333333,"Lethrinus rubrioperculatus","BAR_BAY","bininter","maxN"
0,"Abalistes stellatus","BAR_LAG","bininter","maxN"
0,"Balistoides viridescens","BAR_LAG","bininter","maxN"
0,"Bodianus perditio","BAR_LAG","bininter","maxN"
0,"Caranx ignobilis","BAR_LAG","bininter","maxN"
0,"Chaetodon ephippium","BAR_LAG","bininter","maxN"
0,"Chaetodon melannotus","BAR_LAG","bininter","maxN"
0,"Chaetodon plebeius","BAR_LAG","bininter","maxN"
0,"Cheilinus chlorourus","BAR_LAG","bininter","maxN"
0,"Cheilio inermis","BAR_LAG","bininter","maxN"
0,"Chlorurus sordidus","BAR_LAG","bininter","maxN"
0,"Choerodon graphicus","BAR_LAG","bininter","maxN"
0,"Coris dorsomacula","BAR_LAG","bininter","maxN"
0,"Ctenochaetus striatus","BAR_LAG","bininter","maxN"
0,"Dasyatis kuhlii","BAR_LAG","bininter","maxN"
0,"Echeneis naucrates","BAR_LAG","bininter","maxN"
0,"Epinephelus howlandi","BAR_LAG","bininter","maxN"
0,"Halichoeres chrysus","BAR_LAG","bininter","maxN"
13.9166666666667,"Halichoeres trimaculatus","BAR_LAG","bininter","maxN"
0,"Hemigymnus melapterus","BAR_LAG","bininter","maxN"
15.9,"Lethrinus rubrioperculatus","BAR_LAG","bininter","maxN"
0,"Macropharyngodon negrosensis","BAR_LAG","bininter","maxN"
0,"Naso brevirostris","BAR_LAG","bininter","maxN"
0,"Nebrius ferrugineus","BAR_LAG","bininter","maxN"
29.0333953842151,"Nemipterus peronii","BAR_LAG","bininter","maxN"
13.9166666666667,"Oxycheilinus bimaculatus","BAR_LAG","bininter","maxN"
0,"Oxycheilinus nigromarginatus","BAR_LAG","bininter","maxN"
0,"Oxycheilinus unifasciatus","BAR_LAG","bininter","maxN"
10.5833333333333,"Parapercis australis","BAR_LAG","bininter","maxN"
0,"Parupeneus barberinus","BAR_LAG","bininter","maxN"
0,"Parupeneus cyclostomus","BAR_LAG","bininter","maxN"
17.5833333333333,"Parupeneus pleurostigma","BAR_LAG","bininter","maxN"
0,"Parupeneus spilurus","BAR_LAG","bininter","maxN"
0,"Plagiotremus rhinorhynchos","BAR_LAG","bininter","maxN"
0,"Pseudalutarius nasicornis","BAR_LAG","bininter","maxN"
0,"Pseudobalistes flavimarginatus","BAR_LAG","bininter","maxN"
0,"Pseudobalistes fuscus","BAR_LAG","bininter","maxN"
0,"Pseudojuloides cerasinus","BAR_LAG","bininter","maxN"
0,"Rhinecanthus aculeatus","BAR_LAG","bininter","maxN"
0,"Scarus chameleon","BAR_LAG","bininter","maxN"
0,"Scarus longipinnis","BAR_LAG","bininter","maxN"
0,"Scolopsis lineata","BAR_LAG","bininter","maxN"
0,"Scomberoides tol","BAR_LAG","bininter","maxN"
0,"Scomberomorus commerson","BAR_LAG","bininter","maxN"
0,"Siganus punctatus","BAR_LAG","bininter","maxN"
0,"Stegastes nigricans","BAR_LAG","bininter","maxN"
0,"Stethojulis bandanensis","BAR_LAG","bininter","maxN"
0,"Stethojulis strigiventer","BAR_LAG","bininter","maxN"
0,"Taeniura meyeni","BAR_LAG","bininter","maxN"
24.5,"Lethrinus genivittatus","BAY_LAG","bininter","maxN"
17.4166666666667,"Pentapodus nagasakiensis","BAY_LAG","bininter","maxN"
0,"Abalistes stellatus","INSHORE_OFFSHORE","bininter","maxN"
0,"Acreichthys tomentosus","INSHORE_OFFSHORE","bininter","maxN"
0,"Amblygobius sphynx","INSHORE_OFFSHORE","bininter","maxN"
0,"Aprion virescens","INSHORE_OFFSHORE","bininter","maxN"
0,"Arothron stellatus","INSHORE_OFFSHORE","bininter","maxN"
0,"Canthigaster bennetti","INSHORE_OFFSHORE","bininter","maxN"
0,"Carangoides dinema","INSHORE_OFFSHORE","bininter","maxN"
0,"Carangoides plagiotaenia","INSHORE_OFFSHORE","bininter","maxN"
0,"Caranx papuensis","INSHORE_OFFSHORE","bininter","maxN"
0,"Carcharhinus leucas","INSHORE_OFFSHORE","bininter","maxN"
0,"Coris dorsomacula","INSHORE_OFFSHORE","bininter","maxN"
0,"Elops hawaiensis","INSHORE_OFFSHORE","bininter","maxN"
0,"Epinephelus malabaricus","INSHORE_OFFSHORE","bininter","maxN"
0,"Galeocerdo cuvier","INSHORE_OFFSHORE","bininter","maxN"
16.6585858585859,"Halichoeres trimaculatus","INSHORE_OFFSHORE","bininter","maxN"
0,"Himantura fai","INSHORE_OFFSHORE","bininter","maxN"
4.74747474747475,"Lethrinus rubrioperculatus","INSHORE_OFFSHORE","bininter","maxN"
0,"Oplopomus oplopomus","INSHORE_OFFSHORE","bininter","maxN"
9.24242424242424,"Oxycheilinus bimaculatus","INSHORE_OFFSHORE","bininter","maxN"
6.02020202020202,"Parapercis australis","INSHORE_OFFSHORE","bininter","maxN"
0,"Parapercis clathrata","INSHORE_OFFSHORE","bininter","maxN"
0,"Parapercis xanthozona","INSHORE_OFFSHORE","bininter","maxN"
21.4622895622896,"Parupeneus pleurostigma","INSHORE_OFFSHORE","bininter","maxN"
0,"Pentapodus caninus","INSHORE_OFFSHORE","bininter","maxN"
0,"Scomberomorus commerson","INSHORE_OFFSHORE","bininter","maxN"
0,"Sphyrna mokarran","INSHORE_OFFSHORE","bininter","maxN"
0,"Taeniura meyeni","INSHORE_OFFSHORE","bininter","maxN"
2.5,"Acanthurus blochii","BAR_BAY","terinter","pres/abs"
0,"Acanthurus mata","BAR_BAY","terinter","pres/abs"
0,"Acanthurus olivaceus","BAR_BAY","terinter","pres/abs"
0,"Acanthurus xanthopterus","BAR_BAY","terinter","pres/abs"
3.75,"Amblygobius phalaena","BAR_BAY","terinter","pres/abs"
0,"Aprion virescens","BAR_BAY","terinter","pres/abs"
0,"Balistoides viridescens","BAR_BAY","terinter","pres/abs"
0,"Bodianus perditio","BAR_BAY","terinter","pres/abs"
0,"Caesio caerulaurea","BAR_BAY","terinter","pres/abs"
4.83333333333333,"Canthigaster valentini","BAR_BAY","terinter","pres/abs"
0,"Caranx ignobilis","BAR_BAY","terinter","pres/abs"
0,"Centropyge tibicen","BAR_BAY","terinter","pres/abs"
0,"Chaetodon auriga","BAR_BAY","terinter","pres/abs"
0,"Chaetodon ephippium","BAR_BAY","terinter","pres/abs"
0,"Chaetodon kleinii","BAR_BAY","terinter","pres/abs"
0,"Chaetodon melannotus","BAR_BAY","terinter","pres/abs"
0,"Chaetodon mertensii","BAR_BAY","terinter","pres/abs"
0,"Chaetodon plebeius","BAR_BAY","terinter","pres/abs"
0,"Cheilinus chlorourus","BAR_BAY","terinter","pres/abs"
0,"Cheilio inermis","BAR_BAY","terinter","pres/abs"
18.2407407407407,"Lethrinus obsoletus","BAR_BAY","terinter","pres/abs"
33.2287037037037,"Nemipterus peronii","BAR_BAY","terinter","pres/abs"
0.222222222222222,"Acanthurus blochii","BAR_LAG","terinter","pres/abs"
0,"Acanthurus mata","BAR_LAG","terinter","pres/abs"
0,"Acanthurus olivaceus","BAR_LAG","terinter","pres/abs"
0,"Acanthurus xanthopterus","BAR_LAG","terinter","pres/abs"
3.58333333333333,"Amblygobius phalaena","BAR_LAG","terinter","pres/abs"
0,"Aprion virescens","BAR_LAG","terinter","pres/abs"
4,"Arothron stellatus","BAR_LAG","terinter","pres/abs"
3.5,"Atule mate","BAR_LAG","terinter","pres/abs"
0,"Balistoides viridescens","BAR_LAG","terinter","pres/abs"
0,"Bodianus perditio","BAR_LAG","terinter","pres/abs"
0,"Caesio caerulaurea","BAR_LAG","terinter","pres/abs"
2.33333333333333,"Canthigaster valentini","BAR_LAG","terinter","pres/abs"
0,"Caranx ignobilis","BAR_LAG","terinter","pres/abs"
3,"Centropyge tibicen","BAR_LAG","terinter","pres/abs"
1.88888888888889,"Chaetodon auriga","BAR_LAG","terinter","pres/abs"
0,"Chaetodon ephippium","BAR_LAG","terinter","pres/abs"
1.33333333333333,"Chaetodon kleinii","BAR_LAG","terinter","pres/abs"
0,"Chaetodon melannotus","BAR_LAG","terinter","pres/abs"
1.33333333333333,"Chaetodon mertensii","BAR_LAG","terinter","pres/abs"
0,"Chaetodon plebeius","BAR_LAG","terinter","pres/abs"
0,"Cheilinus chlorourus","BAR_LAG","terinter","pres/abs"
0,"Cheilio inermis","BAR_LAG","terinter","pres/abs"
3.3,"Decapterus macarellus","BAR_LAG","terinter","pres/abs"
26.4943793911007,"Nemipterus peronii","BAR_LAG","terinter","pres/abs"
-1.56666666666667,"Pristotis obtusirostris","BAR_LAG","terinter","pres/abs"
0,"Caranx papuensis","BAY_LAG","terinter","pres/abs"
29.25,"Pentapodus nagasakiensis","BAY_LAG","terinter","pres/abs"
17.4166666666667,"Pseudalutarius nasicornis","BAY_LAG","terinter","pres/abs"
8.87575757575758,"Atule mate","INSHORE_OFFSHORE","terinter","pres/abs"
25.5333333333333,"Halichoeres trimaculatus","INSHORE_OFFSHORE","terinter","pres/abs"
8.96464646464647,"Lethrinus obsoletus","INSHORE_OFFSHORE","terinter","pres/abs"
25.3474747474747,"Lethrinus rubrioperculatus","INSHORE_OFFSHORE","terinter","pres/abs"
16.1121212121212,"Nemipterus peronii","INSHORE_OFFSHORE","terinter","pres/abs"
26.2111111111111,"Parupeneus pleurostigma","INSHORE_OFFSHORE","terinter","pres/abs"
4.73333333333333,"Synodus variegatus","INSHORE_OFFSHORE","terinter","pres/abs"
2.16666666666667,"Acanthurus blochii","BAR_BAY","terinter","maxN"
0,"Acanthurus mata","BAR_BAY","terinter","maxN"
0,"Acanthurus olivaceus","BAR_BAY","terinter","maxN"
0,"Acanthurus xanthopterus","BAR_BAY","terinter","maxN"
0.583333333333333,"Amblygobius phalaena","BAR_BAY","terinter","maxN"
0,"Aprion virescens","BAR_BAY","terinter","maxN"
0,"Balistoides viridescens","BAR_BAY","terinter","maxN"
0,"Bodianus perditio","BAR_BAY","terinter","maxN"
0,"Caesio caerulaurea","BAR_BAY","terinter","maxN"
1.5,"Canthigaster valentini","BAR_BAY","terinter","maxN"
0,"Caranx ignobilis","BAR_BAY","terinter","maxN"
0,"Centropyge tibicen","BAR_BAY","terinter","maxN"
NA,"Chaetodon auriga","BAR_BAY","terinter","maxN"
NA,"Chaetodon ephippium","BAR_BAY","terinter","maxN"
NA,"Chaetodon kleinii","BAR_BAY","terinter","maxN"
NA,"Chaetodon melannotus","BAR_BAY","terinter","maxN"
NA,"Chaetodon mertensii","BAR_BAY","terinter","maxN"
NA,"Chaetodon plebeius","BAR_BAY","terinter","maxN"
NA,"Cheilinus chlorourus","BAR_BAY","terinter","maxN"
NA,"Cheilio inermis","BAR_BAY","terinter","maxN"
18.2710437710438,"Lethrinus obsoletus","BAR_BAY","terinter","maxN"
33.7063918757467,"Nemipterus peronii","BAR_BAY","terinter","maxN"
0,"Acanthurus blochii","BAR_LAG","terinter","maxN"
0,"Acanthurus mata","BAR_LAG","terinter","maxN"
0,"Acanthurus olivaceus","BAR_LAG","terinter","maxN"
0,"Acanthurus xanthopterus","BAR_LAG","terinter","maxN"
0,"Amblygobius phalaena","BAR_LAG","terinter","maxN"
0,"Aprion virescens","BAR_LAG","terinter","maxN"
4,"Arothron stellatus","BAR_LAG","terinter","maxN"
3.65,"Atule mate","BAR_LAG","terinter","maxN"
0,"Balistoides viridescens","BAR_LAG","terinter","maxN"
0,"Bodianus perditio","BAR_LAG","terinter","maxN"
0,"Caesio caerulaurea","BAR_LAG","terinter","maxN"
0,"Canthigaster valentini","BAR_LAG","terinter","maxN"
0,"Caranx ignobilis","BAR_LAG","terinter","maxN"
1.66666666666667,"Centropyge tibicen","BAR_LAG","terinter","maxN"
0,"Chaetodon auriga","BAR_LAG","terinter","maxN"
0,"Chaetodon ephippium","BAR_LAG","terinter","maxN"
0,"Chaetodon kleinii","BAR_LAG","terinter","maxN"
0,"Chaetodon melannotus","BAR_LAG","terinter","maxN"
0,"Chaetodon mertensii","BAR_LAG","terinter","maxN"
0,"Chaetodon plebeius","BAR_LAG","terinter","maxN"
0,"Cheilinus chlorourus","BAR_LAG","terinter","maxN"
0,"Cheilio inermis","BAR_LAG","terinter","maxN"
4.16666666666667,"Decapterus macarellus","BAR_LAG","terinter","maxN"
27.0674863387978,"Nemipterus peronii","BAR_LAG","terinter","maxN"
0.75,"Abalistes stellatus","BAY_LAG","terinter","maxN"
0,"Carangoides dinema","BAY_LAG","terinter","maxN"
0,"Caranx papuensis","BAY_LAG","terinter","maxN"
28.3690476190476,"Pentapodus nagasakiensis","BAY_LAG","terinter","maxN"
17.3333333333333,"Pseudalutarius nasicornis","BAY_LAG","terinter","maxN"
4.04983164983165,"Atule mate","INSHORE_OFFSHORE","terinter","maxN"
26.1142857142857,"Halichoeres trimaculatus","INSHORE_OFFSHORE","terinter","maxN"
3.60622895622896,"Lethrinus obsoletus","INSHORE_OFFSHORE","terinter","maxN"
27.5878787878788,"Lethrinus rubrioperculatus","INSHORE_OFFSHORE","terinter","maxN"
14.1941869677164,"Nemipterus peronii","INSHORE_OFFSHORE","terinter","maxN"
28.862962962963,"Parupeneus pleurostigma","INSHORE_OFFSHORE","terinter","maxN"
1.33333333333333,"Synodus variegatus","INSHORE_OFFSHORE","terinter","maxN"
