"feature","featureImportance","class","IsIndSp","prevalence","comparison","source","data"
"Abalistes stellatus",0.075,"BAR",0,15,"BAR_BAY","indval","pres/abs"
"Amblygobius phalaena",0.3,"BAR",1,15,"BAR_BAY","indval","pres/abs"
"Atule mate",0.6,"BAY",1,30,"BAR_BAY","indval","pres/abs"
"Centropyge tibicen",0.2,"BAR",0,10,"BAR_BAY","indval","pres/abs"
"Chaetodon auriga",0.3,"BAR",1,15,"BAR_BAY","indval","pres/abs"
"Chaetodon kleinii",0.25,"BAR",0,12.5,"BAR_BAY","indval","pres/abs"
"Chromis viridis",0.25,"BAR",1,12.5,"BAR_BAY","indval","pres/abs"
"Coris dorsomacula",0.25,"BAR",0,12.5,"BAR_BAY","indval","pres/abs"
"Dascyllus aruanus",0.35,"BAR",1,17.5,"BAR_BAY","indval","pres/abs"
"Diagramma pictum",0.05,"BAR",0,10,"BAR_BAY","indval","pres/abs"
"Echeneis naucrates",0.156,"BAY",0,20,"BAR_BAY","indval","pres/abs"
"Gymnocranius grandoculis",0.2,"BAR",0,10,"BAR_BAY","indval","pres/abs"
"Halichoeres trimaculatus",0.803,"BAR",1,45,"BAR_BAY","indval","pres/abs"
"Lagocephalus sceleratus",0.245,"BAY",0,25,"BAR_BAY","indval","pres/abs"
"Leiognathus fasciatus",0.2,"BAY",0,10,"BAR_BAY","indval","pres/abs"
"Lethrinus genivittatus",0.423,"BAY",0,50,"BAR_BAY","indval","pres/abs"
"Lethrinus obsoletus",0.65,"BAY",1,32.5,"BAR_BAY","indval","pres/abs"
"Lethrinus rubrioperculatus",0.8,"BAR",1,40,"BAR_BAY","indval","pres/abs"
"Lethrinus variegatus",0.75,"BAR",1,37.5,"BAR_BAY","indval","pres/abs"
"Lutjanus vitta",0.09,"BAY",0,12.5,"BAR_BAY","indval","pres/abs"
"Mulloidichthys flavolineatus",0.4,"BAR",1,20,"BAR_BAY","indval","pres/abs"
"Nemipterus peronii",0.85,"BAY",1,42.5,"BAR_BAY","indval","pres/abs"
"Oxycheilinus bimaculatus",0.75,"BAR",1,37.5,"BAR_BAY","indval","pres/abs"
"Oxycheilinus nigromarginatus",0.25,"BAR",1,12.5,"BAR_BAY","indval","pres/abs"
"Parapercis australis",0.7,"BAR",1,35,"BAR_BAY","indval","pres/abs"
"Parupeneus barberinoides",0.7,"BAR",1,35,"BAR_BAY","indval","pres/abs"
"Parupeneus heptacanthus",0.09,"BAR",0,12.5,"BAR_BAY","indval","pres/abs"
"Parupeneus multifasciatus",0.5,"BAR",1,25,"BAR_BAY","indval","pres/abs"
"Parupeneus pleurostigma",0.85,"BAR",1,42.5,"BAR_BAY","indval","pres/abs"
"Pentapodus nagasakiensis",0.75,"BAR",1,37.5,"BAR_BAY","indval","pres/abs"
"Plagiotremus tapeinosoma",0.2,"BAR",0,10,"BAR_BAY","indval","pres/abs"
"Pomacentrus coelestis",0.35,"BAR",1,17.5,"BAR_BAY","indval","pres/abs"
"Pomacentrus moluccensis",0.2,"BAR",0,10,"BAR_BAY","indval","pres/abs"
"Pseudobalistes fuscus",0.3,"BAR",1,15,"BAR_BAY","indval","pres/abs"
"Ptereleotris microlepis",0.25,"BAR",1,12.5,"BAR_BAY","indval","pres/abs"
"Scarus ghobban",0.25,"BAR",0,12.5,"BAR_BAY","indval","pres/abs"
"Scarus psittacus",0.3,"BAR",1,15,"BAR_BAY","indval","pres/abs"
"Scomberomorus commerson",0.09,"BAR",0,12.5,"BAR_BAY","indval","pres/abs"
"Stethojulis interrupta",0.4,"BAR",1,20,"BAR_BAY","indval","pres/abs"
"Sufflamen chrysopterum",0.35,"BAR",1,17.5,"BAR_BAY","indval","pres/abs"
"Synodus variegatus",0.3,"BAY",1,15,"BAR_BAY","indval","pres/abs"
"Thalassoma lunare",0.703,"BAR",1,40,"BAR_BAY","indval","pres/abs"
"Upeneus sundaicus",0.179,"BAR",0,17.5,"BAR_BAY","indval","pres/abs"
"Abalistes stellatus",0.114,"LAG",0,17.5,"BAR_LAG","indval","pres/abs"
"Amblygobius phalaena",0.3,"BAR",1,15,"BAR_LAG","indval","pres/abs"
"Arothron stellatus",0.2,"LAG",0,10,"BAR_LAG","indval","pres/abs"
"Atule mate",0.25,"LAG",1,12.5,"BAR_LAG","indval","pres/abs"
"Centropyge tibicen",0.2,"BAR",0,10,"BAR_LAG","indval","pres/abs"
"Chaetodon auriga",0.3,"BAR",1,15,"BAR_LAG","indval","pres/abs"
"Chaetodon kleinii",0.25,"BAR",1,12.5,"BAR_LAG","indval","pres/abs"
"Chromis viridis",0.25,"BAR",1,12.5,"BAR_LAG","indval","pres/abs"
"Coris dorsomacula",0.208,"BAR",0,15,"BAR_LAG","indval","pres/abs"
"Dascyllus aruanus",0.35,"BAR",1,17.5,"BAR_LAG","indval","pres/abs"
"Decapterus macarellus",0.25,"LAG",1,12.5,"BAR_LAG","indval","pres/abs"
"Echeneis naucrates",0.075,"BAR",0,15,"BAR_LAG","indval","pres/abs"
"Gymnocranius grandoculis",0.2,"BAR",0,10,"BAR_LAG","indval","pres/abs"
"Halichoeres trimaculatus",0.85,"BAR",1,42.5,"BAR_LAG","indval","pres/abs"
"Lagocephalus sceleratus",0.2,"LAG",0,22.5,"BAR_LAG","indval","pres/abs"
"Lethrinus genivittatus",0.602,"LAG",1,60,"BAR_LAG","indval","pres/abs"
"Lethrinus obsoletus",0.2,"LAG",0,10,"BAR_LAG","indval","pres/abs"
"Lethrinus rubrioperculatus",0.753,"BAR",1,42.5,"BAR_LAG","indval","pres/abs"
"Lethrinus variegatus",0.75,"BAR",1,37.5,"BAR_LAG","indval","pres/abs"
"Mulloidichthys flavolineatus",0.4,"BAR",1,20,"BAR_LAG","indval","pres/abs"
"Nemipterus peronii",0.9,"LAG",1,45,"BAR_LAG","indval","pres/abs"
"Oxycheilinus bimaculatus",0.703,"BAR",1,40,"BAR_LAG","indval","pres/abs"
"Oxycheilinus nigromarginatus",0.25,"BAR",1,12.5,"BAR_LAG","indval","pres/abs"
"Parapercis australis",0.7,"BAR",1,35,"BAR_LAG","indval","pres/abs"
"Parupeneus barberinoides",0.7,"BAR",1,35,"BAR_LAG","indval","pres/abs"
"Parupeneus heptacanthus",0.114,"LAG",0,17.5,"BAR_LAG","indval","pres/abs"
"Parupeneus multifasciatus",0.5,"BAR",1,25,"BAR_LAG","indval","pres/abs"
"Parupeneus pleurostigma",0.85,"BAR",1,42.5,"BAR_LAG","indval","pres/abs"
"Pentapodus nagasakiensis",0.417,"BAR",0,67.5,"BAR_LAG","indval","pres/abs"
"Plagiotremus tapeinosoma",0.2,"BAR",0,10,"BAR_LAG","indval","pres/abs"
"Pomacentrus coelestis",0.35,"BAR",1,17.5,"BAR_LAG","indval","pres/abs"
"Pomacentrus moluccensis",0.2,"BAR",0,10,"BAR_LAG","indval","pres/abs"
"Pristotis obtusirostris",0.09,"BAR",0,12.5,"BAR_LAG","indval","pres/abs"
"Pseudalutarius nasicornis",0.405,"LAG",1,25,"BAR_LAG","indval","pres/abs"
"Pseudobalistes fuscus",0.3,"BAR",1,15,"BAR_LAG","indval","pres/abs"
"Ptereleotris microlepis",0.25,"BAR",1,12.5,"BAR_LAG","indval","pres/abs"
"Scarus ghobban",0.25,"BAR",1,12.5,"BAR_LAG","indval","pres/abs"
"Scarus psittacus",0.3,"BAR",1,15,"BAR_LAG","indval","pres/abs"
"Scomberomorus commerson",0.2,"LAG",0,22.5,"BAR_LAG","indval","pres/abs"
"Stethojulis interrupta",0.4,"BAR",1,20,"BAR_LAG","indval","pres/abs"
"Sufflamen chrysopterum",0.35,"BAR",1,17.5,"BAR_LAG","indval","pres/abs"
"Synodus variegatus",0.4,"LAG",1,20,"BAR_LAG","indval","pres/abs"
"Thalassoma lunare",0.75,"BAR",1,37.5,"BAR_LAG","indval","pres/abs"
"Upeneus moluccensis",0.3,"LAG",1,15,"BAR_LAG","indval","pres/abs"
"Upeneus sundaicus",0.125,"BAR",0,25,"BAR_LAG","indval","pres/abs"
"Abalistes stellatus",0.114,"LAG",0,17.5,"BAY_LAG","indval","pres/abs"
"Arothron stellatus",0.2,"LAG",0,10,"BAY_LAG","indval","pres/abs"
"Atule mate",0.424,"BAY",0,42.5,"BAY_LAG","indval","pres/abs"
"Decapterus macarellus",0.156,"LAG",0,20,"BAY_LAG","indval","pres/abs"
"Echeneis naucrates",0.156,"BAY",0,20,"BAY_LAG","indval","pres/abs"
"Lagocephalus sceleratus",0.188,"BAY",0,32.5,"BAY_LAG","indval","pres/abs"
"Leiognathus fasciatus",0.2,"BAY",0,10,"BAY_LAG","indval","pres/abs"
"Lethrinus genivittatus",0.482,"LAG",0,75,"BAY_LAG","indval","pres/abs"
"Lethrinus obsoletus",0.497,"BAY",1,42.5,"BAY_LAG","indval","pres/abs"
"Nemipterus peronii",0.463,"LAG",0,87.5,"BAY_LAG","indval","pres/abs"
"Parupeneus heptacanthus",0.133,"LAG",0,15,"BAY_LAG","indval","pres/abs"
"Pentapodus nagasakiensis",0.6,"LAG",1,30,"BAY_LAG","indval","pres/abs"
"Pseudalutarius nasicornis",0.45,"LAG",1,22.5,"BAY_LAG","indval","pres/abs"
"Pseudocaranx dentex",0.112,"LAG",0,10,"BAY_LAG","indval","pres/abs"
"Scomberomorus commerson",0.225,"LAG",0,20,"BAY_LAG","indval","pres/abs"
"Synodus variegatus",0.229,"LAG",0,35,"BAY_LAG","indval","pres/abs"
"Upeneus moluccensis",0.3,"LAG",1,15,"BAY_LAG","indval","pres/abs"
"Upeneus sundaicus",0.179,"LAG",0,17.5,"BAY_LAG","indval","pres/abs"
"Upeneus tragula",0.09,"LAG",0,12.5,"BAY_LAG","indval","pres/abs"
"Abalistes stellatus",0.094,"INSHORE",0,16.6666666666667,"INSHORE_OFFSHORE","indval","pres/abs"
"Amblygobius phalaena",0.3,"OFFSHORE",1,10,"INSHORE_OFFSHORE","indval","pres/abs"
"Atule mate",0.425,"INSHORE",1,28.3333333333333,"INSHORE_OFFSHORE","indval","pres/abs"
"Chaetodon auriga",0.3,"OFFSHORE",1,10,"INSHORE_OFFSHORE","indval","pres/abs"
"Coris dorsomacula",0.227,"OFFSHORE",1,10,"INSHORE_OFFSHORE","indval","pres/abs"
"Dascyllus aruanus",0.35,"OFFSHORE",1,11.6666666666667,"INSHORE_OFFSHORE","indval","pres/abs"
"Decapterus macarellus",0.2,"INSHORE",1,13.3333333333333,"INSHORE_OFFSHORE","indval","pres/abs"
"Echeneis naucrates",0.114,"INSHORE",0,18.3333333333333,"INSHORE_OFFSHORE","indval","pres/abs"
"Halichoeres trimaculatus",0.826,"OFFSHORE",1,30,"INSHORE_OFFSHORE","indval","pres/abs"
"Lagocephalus sceleratus",0.222,"INSHORE",0,26.6666666666667,"INSHORE_OFFSHORE","indval","pres/abs"
"Lethrinus genivittatus",0.511,"INSHORE",1,61.6666666666667,"INSHORE_OFFSHORE","indval","pres/abs"
"Lethrinus obsoletus",0.425,"INSHORE",1,28.3333333333333,"INSHORE_OFFSHORE","indval","pres/abs"
"Lethrinus rubrioperculatus",0.776,"OFFSHORE",1,28.3333333333333,"INSHORE_OFFSHORE","indval","pres/abs"
"Lethrinus variegatus",0.75,"OFFSHORE",1,25,"INSHORE_OFFSHORE","indval","pres/abs"
"Mulloidichthys flavolineatus",0.4,"OFFSHORE",1,13.3333333333333,"INSHORE_OFFSHORE","indval","pres/abs"
"Nemipterus peronii",0.875,"INSHORE",1,58.3333333333333,"INSHORE_OFFSHORE","indval","pres/abs"
"Oxycheilinus bimaculatus",0.726,"OFFSHORE",1,26.6666666666667,"INSHORE_OFFSHORE","indval","pres/abs"
"Parapercis australis",0.7,"OFFSHORE",1,23.3333333333333,"INSHORE_OFFSHORE","indval","pres/abs"
"Parupeneus barberinoides",0.7,"OFFSHORE",1,23.3333333333333,"INSHORE_OFFSHORE","indval","pres/abs"
"Parupeneus heptacanthus",0.075,"INSHORE",0,15,"INSHORE_OFFSHORE","indval","pres/abs"
"Parupeneus multifasciatus",0.5,"OFFSHORE",1,16.6666666666667,"INSHORE_OFFSHORE","indval","pres/abs"
"Parupeneus pleurostigma",0.85,"OFFSHORE",1,28.3333333333333,"INSHORE_OFFSHORE","indval","pres/abs"
"Pentapodus nagasakiensis",0.536,"OFFSHORE",1,45,"INSHORE_OFFSHORE","indval","pres/abs"
"Pomacentrus coelestis",0.35,"OFFSHORE",1,11.6666666666667,"INSHORE_OFFSHORE","indval","pres/abs"
"Pseudalutarius nasicornis",0.184,"INSHORE",0,16.6666666666667,"INSHORE_OFFSHORE","indval","pres/abs"
"Pseudobalistes fuscus",0.3,"OFFSHORE",1,10,"INSHORE_OFFSHORE","indval","pres/abs"
"Scarus psittacus",0.3,"OFFSHORE",1,10,"INSHORE_OFFSHORE","indval","pres/abs"
"Scomberomorus commerson",0.114,"INSHORE",0,18.3333333333333,"INSHORE_OFFSHORE","indval","pres/abs"
"Stethojulis interrupta",0.4,"OFFSHORE",1,13.3333333333333,"INSHORE_OFFSHORE","indval","pres/abs"
"Sufflamen chrysopterum",0.35,"OFFSHORE",1,11.6666666666667,"INSHORE_OFFSHORE","indval","pres/abs"
"Synodus variegatus",0.35,"INSHORE",1,23.3333333333333,"INSHORE_OFFSHORE","indval","pres/abs"
"Thalassoma lunare",0.726,"OFFSHORE",1,26.6666666666667,"INSHORE_OFFSHORE","indval","pres/abs"
"Upeneus moluccensis",0.15,"INSHORE",0,10,"INSHORE_OFFSHORE","indval","pres/abs"
"Upeneus sundaicus",0.147,"OFFSHORE",0,20,"INSHORE_OFFSHORE","indval","pres/abs"
"Abalistes stellatus",0.075,"BAR",0,15,"BAR_BAY","indval","maxN"
"Amblygobius phalaena",0.3,"BAR",1,15,"BAR_BAY","indval","maxN"
"Atule mate",0.6,"BAY",1,30,"BAR_BAY","indval","maxN"
"Centropyge tibicen",0.2,"BAR",0,10,"BAR_BAY","indval","maxN"
"Chaetodon auriga",0.3,"BAR",1,15,"BAR_BAY","indval","maxN"
"Chaetodon kleinii",0.25,"BAR",1,12.5,"BAR_BAY","indval","maxN"
"Chromis viridis",0.25,"BAR",1,12.5,"BAR_BAY","indval","maxN"
"Coris dorsomacula",0.25,"BAR",1,12.5,"BAR_BAY","indval","maxN"
"Dascyllus aruanus",0.35,"BAR",1,17.5,"BAR_BAY","indval","maxN"
"Diagramma pictum",0.05,"BAR",0,10,"BAR_BAY","indval","maxN"
"Echeneis naucrates",0.156,"BAY",0,20,"BAR_BAY","indval","maxN"
"Gymnocranius grandoculis",0.2,"BAR",0,10,"BAR_BAY","indval","maxN"
"Halichoeres trimaculatus",0.835,"BAR",1,45,"BAR_BAY","indval","maxN"
"Lagocephalus sceleratus",0.292,"BAY",0,25,"BAR_BAY","indval","maxN"
"Leiognathus fasciatus",0.2,"BAY",0,10,"BAR_BAY","indval","maxN"
"Lethrinus genivittatus",0.296,"BAY",0,50,"BAR_BAY","indval","maxN"
"Lethrinus obsoletus",0.65,"BAY",1,32.5,"BAR_BAY","indval","maxN"
"Lethrinus rubrioperculatus",0.8,"BAR",1,40,"BAR_BAY","indval","maxN"
"Lethrinus variegatus",0.75,"BAR",1,37.5,"BAR_BAY","indval","maxN"
"Lutjanus vitta",0.103,"BAY",0,12.5,"BAR_BAY","indval","maxN"
"Mulloidichthys flavolineatus",0.4,"BAR",1,20,"BAR_BAY","indval","maxN"
"Nemipterus peronii",0.85,"BAY",1,42.5,"BAR_BAY","indval","maxN"
"Oxycheilinus bimaculatus",0.75,"BAR",1,37.5,"BAR_BAY","indval","maxN"
"Oxycheilinus nigromarginatus",0.25,"BAR",1,12.5,"BAR_BAY","indval","maxN"
"Parapercis australis",0.7,"BAR",1,35,"BAR_BAY","indval","maxN"
"Parupeneus barberinoides",0.7,"BAR",1,35,"BAR_BAY","indval","maxN"
"Parupeneus heptacanthus",0.088,"BAR",0,12.5,"BAR_BAY","indval","maxN"
"Parupeneus multifasciatus",0.5,"BAR",1,25,"BAR_BAY","indval","maxN"
"Parupeneus pleurostigma",0.85,"BAR",1,42.5,"BAR_BAY","indval","maxN"
"Pentapodus nagasakiensis",0.75,"BAR",1,37.5,"BAR_BAY","indval","maxN"
"Plagiotremus tapeinosoma",0.2,"BAR",0,10,"BAR_BAY","indval","maxN"
"Pomacentrus coelestis",0.35,"BAR",1,17.5,"BAR_BAY","indval","maxN"
"Pomacentrus moluccensis",0.2,"BAR",0,10,"BAR_BAY","indval","maxN"
"Pseudobalistes fuscus",0.3,"BAR",1,15,"BAR_BAY","indval","maxN"
"Ptereleotris microlepis",0.25,"BAR",1,12.5,"BAR_BAY","indval","maxN"
"Scarus ghobban",0.25,"BAR",1,12.5,"BAR_BAY","indval","maxN"
"Scarus psittacus",0.3,"BAR",1,15,"BAR_BAY","indval","maxN"
"Scomberomorus commerson",0.09,"BAR",0,12.5,"BAR_BAY","indval","maxN"
"Stethojulis interrupta",0.4,"BAR",1,20,"BAR_BAY","indval","maxN"
"Sufflamen chrysopterum",0.35,"BAR",1,17.5,"BAR_BAY","indval","maxN"
"Synodus variegatus",0.3,"BAY",1,15,"BAR_BAY","indval","maxN"
"Thalassoma lunare",0.734,"BAR",1,40,"BAR_BAY","indval","maxN"
"Upeneus sundaicus",0.239,"BAR",0,17.5,"BAR_BAY","indval","maxN"
"Abalistes stellatus",0.114,"LAG",0,17.5,"BAR_LAG","indval","maxN"
"Amblygobius phalaena",0.3,"BAR",1,15,"BAR_LAG","indval","maxN"
"Arothron stellatus",0.2,"LAG",0,10,"BAR_LAG","indval","maxN"
"Atule mate",0.25,"LAG",1,12.5,"BAR_LAG","indval","maxN"
"Centropyge tibicen",0.2,"BAR",0,10,"BAR_LAG","indval","maxN"
"Chaetodon auriga",0.3,"BAR",1,15,"BAR_LAG","indval","maxN"
"Chaetodon kleinii",0.25,"BAR",1,12.5,"BAR_LAG","indval","maxN"
"Chromis viridis",0.25,"BAR",1,12.5,"BAR_LAG","indval","maxN"
"Coris dorsomacula",0.208,"BAR",0,15,"BAR_LAG","indval","maxN"
"Dascyllus aruanus",0.35,"BAR",1,17.5,"BAR_LAG","indval","maxN"
"Decapterus macarellus",0.25,"LAG",1,12.5,"BAR_LAG","indval","maxN"
"Echeneis naucrates",0.086,"LAG",0,15,"BAR_LAG","indval","maxN"
"Gymnocranius grandoculis",0.2,"BAR",0,10,"BAR_LAG","indval","maxN"
"Halichoeres trimaculatus",0.85,"BAR",1,42.5,"BAR_LAG","indval","maxN"
"Lagocephalus sceleratus",0.232,"LAG",0,22.5,"BAR_LAG","indval","maxN"
"Lethrinus genivittatus",0.671,"LAG",1,60,"BAR_LAG","indval","maxN"
"Lethrinus obsoletus",0.2,"LAG",0,10,"BAR_LAG","indval","maxN"
"Lethrinus rubrioperculatus",0.787,"BAR",1,42.5,"BAR_LAG","indval","maxN"
"Lethrinus variegatus",0.75,"BAR",1,37.5,"BAR_LAG","indval","maxN"
"Mulloidichthys flavolineatus",0.4,"BAR",1,20,"BAR_LAG","indval","maxN"
"Nemipterus peronii",0.9,"LAG",1,45,"BAR_LAG","indval","maxN"
"Oxycheilinus bimaculatus",0.73,"BAR",1,40,"BAR_LAG","indval","maxN"
"Oxycheilinus nigromarginatus",0.25,"BAR",1,12.5,"BAR_LAG","indval","maxN"
"Parapercis australis",0.7,"BAR",1,35,"BAR_LAG","indval","maxN"
"Parupeneus barberinoides",0.7,"BAR",1,35,"BAR_LAG","indval","maxN"
"Parupeneus heptacanthus",0.118,"LAG",0,17.5,"BAR_LAG","indval","maxN"
"Parupeneus multifasciatus",0.5,"BAR",1,25,"BAR_LAG","indval","maxN"
"Parupeneus pleurostigma",0.85,"BAR",1,42.5,"BAR_LAG","indval","maxN"
"Pentapodus nagasakiensis",0.479,"BAR",0,67.5,"BAR_LAG","indval","maxN"
"Plagiotremus tapeinosoma",0.2,"BAR",0,10,"BAR_LAG","indval","maxN"
"Pomacentrus coelestis",0.35,"BAR",1,17.5,"BAR_LAG","indval","maxN"
"Pomacentrus moluccensis",0.2,"BAR",0,10,"BAR_LAG","indval","maxN"
"Pristotis obtusirostris",0.082,"BAR",0,12.5,"BAR_LAG","indval","maxN"
"Pseudalutarius nasicornis",0.409,"LAG",1,25,"BAR_LAG","indval","maxN"
"Pseudobalistes fuscus",0.3,"BAR",1,15,"BAR_LAG","indval","maxN"
"Ptereleotris microlepis",0.25,"BAR",1,12.5,"BAR_LAG","indval","maxN"
"Scarus ghobban",0.25,"BAR",1,12.5,"BAR_LAG","indval","maxN"
"Scarus psittacus",0.3,"BAR",1,15,"BAR_LAG","indval","maxN"
"Scomberomorus commerson",0.21,"LAG",0,22.5,"BAR_LAG","indval","maxN"
"Stethojulis interrupta",0.4,"BAR",1,20,"BAR_LAG","indval","maxN"
"Sufflamen chrysopterum",0.35,"BAR",1,17.5,"BAR_LAG","indval","maxN"
"Synodus variegatus",0.4,"LAG",1,20,"BAR_LAG","indval","maxN"
"Thalassoma lunare",0.75,"BAR",1,37.5,"BAR_LAG","indval","maxN"
"Upeneus moluccensis",0.3,"LAG",1,15,"BAR_LAG","indval","maxN"
"Upeneus sundaicus",0.203,"BAR",0,25,"BAR_LAG","indval","maxN"
"Abalistes stellatus",0.114,"LAG",0,17.5,"BAY_LAG","indval","maxN"
"Arothron stellatus",0.2,"LAG",0,10,"BAY_LAG","indval","maxN"
"Atule mate",0.467,"BAY",1,42.5,"BAY_LAG","indval","maxN"
"Decapterus macarellus",0.221,"LAG",0,20,"BAY_LAG","indval","maxN"
"Echeneis naucrates",0.139,"BAY",0,20,"BAY_LAG","indval","maxN"
"Lagocephalus sceleratus",0.208,"BAY",0,32.5,"BAY_LAG","indval","maxN"
"Leiognathus fasciatus",0.2,"BAY",0,10,"BAY_LAG","indval","maxN"
"Lethrinus genivittatus",0.694,"LAG",1,75,"BAY_LAG","indval","maxN"
"Lethrinus obsoletus",0.424,"BAY",1,42.5,"BAY_LAG","indval","maxN"
"Nemipterus peronii",0.582,"LAG",1,87.5,"BAY_LAG","indval","maxN"
"Parupeneus heptacanthus",0.133,"LAG",0,15,"BAY_LAG","indval","maxN"
"Pentapodus nagasakiensis",0.6,"LAG",1,30,"BAY_LAG","indval","maxN"
"Pseudalutarius nasicornis",0.45,"LAG",1,22.5,"BAY_LAG","indval","maxN"
"Pseudocaranx dentex",0.071,"LAG",0,10,"BAY_LAG","indval","maxN"
"Scomberomorus commerson",0.233,"LAG",0,20,"BAY_LAG","indval","maxN"
"Synodus variegatus",0.212,"LAG",0,35,"BAY_LAG","indval","maxN"
"Upeneus moluccensis",0.3,"LAG",1,15,"BAY_LAG","indval","maxN"
"Upeneus sundaicus",0.208,"LAG",0,17.5,"BAY_LAG","indval","maxN"
"Upeneus tragula",0.067,"BAY",0,12.5,"BAY_LAG","indval","maxN"
"Abalistes stellatus",0.094,"INSHORE",0,16.6666666666667,"INSHORE_OFFSHORE","indval","maxN"
"Amblygobius phalaena",0.3,"OFFSHORE",1,10,"INSHORE_OFFSHORE","indval","maxN"
"Atule mate",0.425,"INSHORE",1,28.3333333333333,"INSHORE_OFFSHORE","indval","maxN"
"Chaetodon auriga",0.3,"OFFSHORE",1,10,"INSHORE_OFFSHORE","indval","maxN"
"Coris dorsomacula",0.227,"OFFSHORE",1,10,"INSHORE_OFFSHORE","indval","maxN"
"Dascyllus aruanus",0.35,"OFFSHORE",1,11.6666666666667,"INSHORE_OFFSHORE","indval","maxN"
"Decapterus macarellus",0.2,"INSHORE",0,13.3333333333333,"INSHORE_OFFSHORE","indval","maxN"
"Echeneis naucrates",0.12,"INSHORE",0,18.3333333333333,"INSHORE_OFFSHORE","indval","maxN"
"Halichoeres trimaculatus",0.842,"OFFSHORE",1,30,"INSHORE_OFFSHORE","indval","maxN"
"Lagocephalus sceleratus",0.263,"INSHORE",0,26.6666666666667,"INSHORE_OFFSHORE","indval","maxN"
"Lethrinus genivittatus",0.522,"INSHORE",1,61.6666666666667,"INSHORE_OFFSHORE","indval","maxN"
"Lethrinus obsoletus",0.425,"INSHORE",1,28.3333333333333,"INSHORE_OFFSHORE","indval","maxN"
"Lethrinus rubrioperculatus",0.793,"OFFSHORE",1,28.3333333333333,"INSHORE_OFFSHORE","indval","maxN"
"Lethrinus variegatus",0.75,"OFFSHORE",1,25,"INSHORE_OFFSHORE","indval","maxN"
"Mulloidichthys flavolineatus",0.4,"OFFSHORE",1,13.3333333333333,"INSHORE_OFFSHORE","indval","maxN"
"Nemipterus peronii",0.875,"INSHORE",1,58.3333333333333,"INSHORE_OFFSHORE","indval","maxN"
"Oxycheilinus bimaculatus",0.74,"OFFSHORE",1,26.6666666666667,"INSHORE_OFFSHORE","indval","maxN"
"Parapercis australis",0.7,"OFFSHORE",1,23.3333333333333,"INSHORE_OFFSHORE","indval","maxN"
"Parupeneus barberinoides",0.7,"OFFSHORE",1,23.3333333333333,"INSHORE_OFFSHORE","indval","maxN"
"Parupeneus heptacanthus",0.078,"INSHORE",0,15,"INSHORE_OFFSHORE","indval","maxN"
"Parupeneus multifasciatus",0.5,"OFFSHORE",1,16.6666666666667,"INSHORE_OFFSHORE","indval","maxN"
"Parupeneus pleurostigma",0.85,"OFFSHORE",1,28.3333333333333,"INSHORE_OFFSHORE","indval","maxN"
"Pentapodus nagasakiensis",0.585,"OFFSHORE",1,45,"INSHORE_OFFSHORE","indval","maxN"
"Pomacentrus coelestis",0.35,"OFFSHORE",1,11.6666666666667,"INSHORE_OFFSHORE","indval","maxN"
"Pseudalutarius nasicornis",0.188,"INSHORE",0,16.6666666666667,"INSHORE_OFFSHORE","indval","maxN"
"Pseudobalistes fuscus",0.3,"OFFSHORE",1,10,"INSHORE_OFFSHORE","indval","maxN"
"Scarus psittacus",0.3,"OFFSHORE",1,10,"INSHORE_OFFSHORE","indval","maxN"
"Scomberomorus commerson",0.12,"INSHORE",0,18.3333333333333,"INSHORE_OFFSHORE","indval","maxN"
"Stethojulis interrupta",0.4,"OFFSHORE",1,13.3333333333333,"INSHORE_OFFSHORE","indval","maxN"
"Sufflamen chrysopterum",0.35,"OFFSHORE",1,11.6666666666667,"INSHORE_OFFSHORE","indval","maxN"
"Synodus variegatus",0.35,"INSHORE",1,23.3333333333333,"INSHORE_OFFSHORE","indval","maxN"
"Thalassoma lunare",0.742,"OFFSHORE",1,26.6666666666667,"INSHORE_OFFSHORE","indval","maxN"
"Upeneus moluccensis",0.15,"INSHORE",0,10,"INSHORE_OFFSHORE","indval","maxN"
"Upeneus sundaicus",0.219,"OFFSHORE",0,20,"INSHORE_OFFSHORE","indval","maxN"
"Abalistes stellatus",9.583,"BAR",1,15,"BAR_BAY","bininter","pres/abs"
"Amblygobius phalaena",0,"BAR",0,15,"BAR_BAY","bininter","pres/abs"
"Atule mate",1.375,"BAY",0,30,"BAR_BAY","bininter","pres/abs"
"Centropyge tibicen",0,"BAR",0,10,"BAR_BAY","bininter","pres/abs"
"Chaetodon auriga",0,"BAR",0,15,"BAR_BAY","bininter","pres/abs"
"Chaetodon kleinii",0,"BAR",0,12.5,"BAR_BAY","bininter","pres/abs"
"Chromis viridis",0,"BAR",0,12.5,"BAR_BAY","bininter","pres/abs"
"Coris dorsomacula",0,"BAR",0,12.5,"BAR_BAY","bininter","pres/abs"
"Dascyllus aruanus",0,"BAR",0,17.5,"BAR_BAY","bininter","pres/abs"
"Diagramma pictum",0,"BAR",0,10,"BAR_BAY","bininter","pres/abs"
"Echeneis naucrates",-1.75,"BAY",0,20,"BAR_BAY","bininter","pres/abs"
"Gymnocranius grandoculis",0,"BAR",0,10,"BAR_BAY","bininter","pres/abs"
"Halichoeres trimaculatus",0.091,"BAR",0,45,"BAR_BAY","bininter","pres/abs"
"Lagocephalus sceleratus",0,"BAY",0,25,"BAR_BAY","bininter","pres/abs"
"Leiognathus fasciatus",0,"BAY",0,10,"BAR_BAY","bininter","pres/abs"
"Lethrinus genivittatus",6.875,"BAY",1,50,"BAR_BAY","bininter","pres/abs"
"Lethrinus obsoletus",12.938,"BAY",1,32.5,"BAR_BAY","bininter","pres/abs"
"Lethrinus rubrioperculatus",3.25,"BAR",0,40,"BAR_BAY","bininter","pres/abs"
"Lethrinus variegatus",0,"BAR",0,37.5,"BAR_BAY","bininter","pres/abs"
"Lutjanus vitta",0,"BAY",0,12.5,"BAR_BAY","bininter","pres/abs"
"Mulloidichthys flavolineatus",0,"BAR",0,20,"BAR_BAY","bininter","pres/abs"
"Nemipterus peronii",19.188,"BAY",1,42.5,"BAR_BAY","bininter","pres/abs"
"Oxycheilinus bimaculatus",-0.25,"BAR",0,37.5,"BAR_BAY","bininter","pres/abs"
"Oxycheilinus nigromarginatus",0,"BAR",0,12.5,"BAR_BAY","bininter","pres/abs"
"Parapercis australis",-0.25,"BAR",0,35,"BAR_BAY","bininter","pres/abs"
"Parupeneus barberinoides",3.45,"BAR",0,35,"BAR_BAY","bininter","pres/abs"
"Parupeneus heptacanthus",0,"BAR",0,12.5,"BAR_BAY","bininter","pres/abs"
"Parupeneus multifasciatus",3.45,"BAR",0,25,"BAR_BAY","bininter","pres/abs"
"Parupeneus pleurostigma",-0.25,"BAR",0,42.5,"BAR_BAY","bininter","pres/abs"
"Pentapodus nagasakiensis",-0.25,"BAR",0,37.5,"BAR_BAY","bininter","pres/abs"
"Plagiotremus tapeinosoma",0,"BAR",0,10,"BAR_BAY","bininter","pres/abs"
"Pomacentrus coelestis",0,"BAR",0,17.5,"BAR_BAY","bininter","pres/abs"
"Pomacentrus moluccensis",3.5,"BAR",0,10,"BAR_BAY","bininter","pres/abs"
"Pseudobalistes fuscus",0,"BAR",0,15,"BAR_BAY","bininter","pres/abs"
"Ptereleotris microlepis",0,"BAR",0,12.5,"BAR_BAY","bininter","pres/abs"
"Scarus ghobban",3.75,"BAR",0,12.5,"BAR_BAY","bininter","pres/abs"
"Scarus psittacus",3.5,"BAR",0,15,"BAR_BAY","bininter","pres/abs"
"Scomberomorus commerson",0,"BAR",0,12.5,"BAR_BAY","bininter","pres/abs"
"Stethojulis interrupta",0,"BAR",0,20,"BAR_BAY","bininter","pres/abs"
"Sufflamen chrysopterum",0,"BAR",0,17.5,"BAR_BAY","bininter","pres/abs"
"Synodus variegatus",0,"BAY",0,15,"BAR_BAY","bininter","pres/abs"
"Thalassoma lunare",0,"BAR",0,40,"BAR_BAY","bininter","pres/abs"
"Upeneus sundaicus",0,"BAR",0,17.5,"BAR_BAY","bininter","pres/abs"
"Abalistes stellatus",1,"LAG",0,17.5,"BAR_LAG","bininter","pres/abs"
"Amblygobius phalaena",2.25,"BAR",1,15,"BAR_LAG","bininter","pres/abs"
"Arothron stellatus",-0.167,"LAG",0,10,"BAR_LAG","bininter","pres/abs"
"Atule mate",5,"LAG",1,12.5,"BAR_LAG","bininter","pres/abs"
"Centropyge tibicen",2,"BAR",1,10,"BAR_LAG","bininter","pres/abs"
"Chaetodon auriga",4.083,"BAR",1,15,"BAR_LAG","bininter","pres/abs"
"Chaetodon kleinii",0.583,"BAR",1,12.5,"BAR_LAG","bininter","pres/abs"
"Chromis viridis",0.75,"BAR",1,12.5,"BAR_LAG","bininter","pres/abs"
"Coris dorsomacula",-2.25,"BAR",0,15,"BAR_LAG","bininter","pres/abs"
"Dascyllus aruanus",4.5,"BAR",1,17.5,"BAR_LAG","bininter","pres/abs"
"Decapterus macarellus",3.333,"LAG",1,12.5,"BAR_LAG","bininter","pres/abs"
"Echeneis naucrates",-3,"BAR",0,15,"BAR_LAG","bininter","pres/abs"
"Gymnocranius grandoculis",-0.75,"BAR",1,10,"BAR_LAG","bininter","pres/abs"
"Halichoeres trimaculatus",13.208,"BAR",1,42.5,"BAR_LAG","bininter","pres/abs"
"Lagocephalus sceleratus",-1.5,"LAG",0,22.5,"BAR_LAG","bininter","pres/abs"
"Lethrinus genivittatus",5.561,"LAG",1,60,"BAR_LAG","bininter","pres/abs"
"Lethrinus obsoletus",0.25,"LAG",0,10,"BAR_LAG","bininter","pres/abs"
"Lethrinus rubrioperculatus",9.784,"BAR",1,42.5,"BAR_LAG","bininter","pres/abs"
"Lethrinus variegatus",4.25,"BAR",0,37.5,"BAR_LAG","bininter","pres/abs"
"Mulloidichthys flavolineatus",3,"BAR",0,20,"BAR_LAG","bininter","pres/abs"
"Nemipterus peronii",21.003,"LAG",1,45,"BAR_LAG","bininter","pres/abs"
"Oxycheilinus bimaculatus",0.25,"BAR",0,40,"BAR_LAG","bininter","pres/abs"
"Oxycheilinus nigromarginatus",2.75,"BAR",0,12.5,"BAR_LAG","bininter","pres/abs"
"Parapercis australis",9.25,"BAR",0,35,"BAR_LAG","bininter","pres/abs"
"Parupeneus barberinoides",4.062,"BAR",0,35,"BAR_LAG","bininter","pres/abs"
"Parupeneus heptacanthus",0,"LAG",0,17.5,"BAR_LAG","bininter","pres/abs"
"Parupeneus multifasciatus",4.062,"BAR",0,25,"BAR_LAG","bininter","pres/abs"
"Parupeneus pleurostigma",11.5,"BAR",0,42.5,"BAR_LAG","bininter","pres/abs"
"Pentapodus nagasakiensis",0,"BAR",0,67.5,"BAR_LAG","bininter","pres/abs"
"Plagiotremus tapeinosoma",0,"BAR",0,10,"BAR_LAG","bininter","pres/abs"
"Pomacentrus coelestis",2.75,"BAR",0,17.5,"BAR_LAG","bininter","pres/abs"
"Pomacentrus moluccensis",4.062,"BAR",0,10,"BAR_LAG","bininter","pres/abs"
"Pristotis obtusirostris",0,"BAR",0,12.5,"BAR_LAG","bininter","pres/abs"
"Pseudalutarius nasicornis",2.25,"LAG",0,25,"BAR_LAG","bininter","pres/abs"
"Pseudobalistes fuscus",0,"BAR",0,15,"BAR_LAG","bininter","pres/abs"
"Ptereleotris microlepis",1.25,"BAR",0,12.5,"BAR_LAG","bininter","pres/abs"
"Scarus ghobban",3.688,"BAR",0,12.5,"BAR_LAG","bininter","pres/abs"
"Scarus psittacus",4.062,"BAR",0,15,"BAR_LAG","bininter","pres/abs"
"Scomberomorus commerson",0,"LAG",0,22.5,"BAR_LAG","bininter","pres/abs"
"Stethojulis interrupta",4.75,"BAR",0,20,"BAR_LAG","bininter","pres/abs"
"Sufflamen chrysopterum",0,"BAR",0,17.5,"BAR_LAG","bininter","pres/abs"
"Synodus variegatus",0,"LAG",0,20,"BAR_LAG","bininter","pres/abs"
"Thalassoma lunare",0,"BAR",0,37.5,"BAR_LAG","bininter","pres/abs"
"Upeneus moluccensis",0,"LAG",0,15,"BAR_LAG","bininter","pres/abs"
"Upeneus sundaicus",0,"BAR",0,25,"BAR_LAG","bininter","pres/abs"
"Abalistes stellatus",5.792,"LAG",1,17.5,"BAY_LAG","bininter","pres/abs"
"Arothron stellatus",6.75,"LAG",1,10,"BAY_LAG","bininter","pres/abs"
"Atule mate",0,"BAY",0,42.5,"BAY_LAG","bininter","pres/abs"
"Decapterus macarellus",0,"LAG",0,20,"BAY_LAG","bininter","pres/abs"
"Echeneis naucrates",0,"BAY",0,20,"BAY_LAG","bininter","pres/abs"
"Lagocephalus sceleratus",0,"BAY",0,32.5,"BAY_LAG","bininter","pres/abs"
"Leiognathus fasciatus",0,"BAY",0,10,"BAY_LAG","bininter","pres/abs"
"Lethrinus genivittatus",6.084,"LAG",1,75,"BAY_LAG","bininter","pres/abs"
"Lethrinus obsoletus",0,"BAY",0,42.5,"BAY_LAG","bininter","pres/abs"
"Nemipterus peronii",0.6,"LAG",1,87.5,"BAY_LAG","bininter","pres/abs"
"Parupeneus heptacanthus",2.5,"LAG",1,15,"BAY_LAG","bininter","pres/abs"
"Pentapodus nagasakiensis",19.451,"LAG",1,30,"BAY_LAG","bininter","pres/abs"
"Pseudalutarius nasicornis",12.994,"LAG",1,22.5,"BAY_LAG","bininter","pres/abs"
"Pseudocaranx dentex",2.75,"LAG",1,10,"BAY_LAG","bininter","pres/abs"
"Scomberomorus commerson",-1,"LAG",0,20,"BAY_LAG","bininter","pres/abs"
"Synodus variegatus",0,"LAG",0,35,"BAY_LAG","bininter","pres/abs"
"Upeneus moluccensis",6.25,"LAG",1,15,"BAY_LAG","bininter","pres/abs"
"Upeneus sundaicus",-0.25,"LAG",0,17.5,"BAY_LAG","bininter","pres/abs"
"Upeneus tragula",0,"LAG",0,12.5,"BAY_LAG","bininter","pres/abs"
"Abalistes stellatus",-0.228,"INSHORE",0,16.6666666666667,"INSHORE_OFFSHORE","bininter","pres/abs"
"Amblygobius phalaena",0,"OFFSHORE",0,10,"INSHORE_OFFSHORE","bininter","pres/abs"
"Atule mate",-0.5,"INSHORE",0,28.3333333333333,"INSHORE_OFFSHORE","bininter","pres/abs"
"Chaetodon auriga",0.233,"OFFSHORE",0,10,"INSHORE_OFFSHORE","bininter","pres/abs"
"Coris dorsomacula",0,"OFFSHORE",0,10,"INSHORE_OFFSHORE","bininter","pres/abs"
"Dascyllus aruanus",1.111,"OFFSHORE",0,11.6666666666667,"INSHORE_OFFSHORE","bininter","pres/abs"
"Decapterus macarellus",-1,"INSHORE",0,13.3333333333333,"INSHORE_OFFSHORE","bininter","pres/abs"
"Echeneis naucrates",0.719,"INSHORE",0,18.3333333333333,"INSHORE_OFFSHORE","bininter","pres/abs"
"Halichoeres trimaculatus",4.982,"OFFSHORE",1,30,"INSHORE_OFFSHORE","bininter","pres/abs"
"Lagocephalus sceleratus",1.386,"INSHORE",0,26.6666666666667,"INSHORE_OFFSHORE","bininter","pres/abs"
"Lethrinus genivittatus",0,"INSHORE",0,61.6666666666667,"INSHORE_OFFSHORE","bininter","pres/abs"
"Lethrinus obsoletus",-0.167,"INSHORE",0,28.3333333333333,"INSHORE_OFFSHORE","bininter","pres/abs"
"Lethrinus rubrioperculatus",7.495,"OFFSHORE",1,28.3333333333333,"INSHORE_OFFSHORE","bininter","pres/abs"
"Lethrinus variegatus",6.849,"OFFSHORE",0,25,"INSHORE_OFFSHORE","bininter","pres/abs"
"Mulloidichthys flavolineatus",0.289,"OFFSHORE",0,13.3333333333333,"INSHORE_OFFSHORE","bininter","pres/abs"
"Nemipterus peronii",0,"INSHORE",0,58.3333333333333,"INSHORE_OFFSHORE","bininter","pres/abs"
"Oxycheilinus bimaculatus",4.238,"OFFSHORE",0,26.6666666666667,"INSHORE_OFFSHORE","bininter","pres/abs"
"Parapercis australis",4.362,"OFFSHORE",0,23.3333333333333,"INSHORE_OFFSHORE","bininter","pres/abs"
"Parupeneus barberinoides",5.007,"OFFSHORE",1,23.3333333333333,"INSHORE_OFFSHORE","bininter","pres/abs"
"Parupeneus heptacanthus",-0.292,"INSHORE",0,15,"INSHORE_OFFSHORE","bininter","pres/abs"
"Parupeneus multifasciatus",4.2,"OFFSHORE",1,16.6666666666667,"INSHORE_OFFSHORE","bininter","pres/abs"
"Parupeneus pleurostigma",6.776,"OFFSHORE",1,28.3333333333333,"INSHORE_OFFSHORE","bininter","pres/abs"
"Pentapodus nagasakiensis",0.457,"OFFSHORE",1,45,"INSHORE_OFFSHORE","bininter","pres/abs"
"Pomacentrus coelestis",0.5,"OFFSHORE",0,11.6666666666667,"INSHORE_OFFSHORE","bininter","pres/abs"
"Pseudalutarius nasicornis",0,"INSHORE",0,16.6666666666667,"INSHORE_OFFSHORE","bininter","pres/abs"
"Pseudobalistes fuscus",0,"OFFSHORE",0,10,"INSHORE_OFFSHORE","bininter","pres/abs"
"Scarus psittacus",0,"OFFSHORE",0,10,"INSHORE_OFFSHORE","bininter","pres/abs"
"Scomberomorus commerson",0.333,"INSHORE",0,18.3333333333333,"INSHORE_OFFSHORE","bininter","pres/abs"
"Stethojulis interrupta",0,"OFFSHORE",0,13.3333333333333,"INSHORE_OFFSHORE","bininter","pres/abs"
"Sufflamen chrysopterum",0,"OFFSHORE",0,11.6666666666667,"INSHORE_OFFSHORE","bininter","pres/abs"
"Synodus variegatus",-1.333,"INSHORE",0,23.3333333333333,"INSHORE_OFFSHORE","bininter","pres/abs"
"Thalassoma lunare",0.267,"OFFSHORE",0,26.6666666666667,"INSHORE_OFFSHORE","bininter","pres/abs"
"Upeneus moluccensis",0,"INSHORE",0,10,"INSHORE_OFFSHORE","bininter","pres/abs"
"Upeneus sundaicus",0.111,"OFFSHORE",0,20,"INSHORE_OFFSHORE","bininter","pres/abs"
"Abalistes stellatus",1.583,"BAR",1,15,"BAR_BAY","bininter","maxN"
"Amblygobius phalaena",0,"BAR",0,15,"BAR_BAY","bininter","maxN"
"Atule mate",12.75,"BAY",1,30,"BAR_BAY","bininter","maxN"
"Centropyge tibicen",0,"BAR",0,10,"BAR_BAY","bininter","maxN"
"Chaetodon auriga",0,"BAR",0,15,"BAR_BAY","bininter","maxN"
"Chaetodon kleinii",0,"BAR",0,12.5,"BAR_BAY","bininter","maxN"
"Chromis viridis",0,"BAR",0,12.5,"BAR_BAY","bininter","maxN"
"Coris dorsomacula",-0.75,"BAR",0,12.5,"BAR_BAY","bininter","maxN"
"Dascyllus aruanus",0,"BAR",0,17.5,"BAR_BAY","bininter","maxN"
"Diagramma pictum",-0.25,"BAR",0,10,"BAR_BAY","bininter","maxN"
"Echeneis naucrates",0.75,"BAY",1,20,"BAR_BAY","bininter","maxN"
"Gymnocranius grandoculis",0,"BAR",0,10,"BAR_BAY","bininter","maxN"
"Halichoeres trimaculatus",13.378,"BAR",1,45,"BAR_BAY","bininter","maxN"
"Lagocephalus sceleratus",0,"BAY",0,25,"BAR_BAY","bininter","maxN"
"Leiognathus fasciatus",7.5,"BAY",1,10,"BAR_BAY","bininter","maxN"
"Lethrinus genivittatus",0,"BAR",0,50,"BAR_BAY","bininter","maxN"
"Lethrinus obsoletus",16.615,"BAY",1,32.5,"BAR_BAY","bininter","maxN"
"Lethrinus rubrioperculatus",14,"BAR",1,40,"BAR_BAY","bininter","maxN"
"Lethrinus variegatus",11.75,"BAR",1,37.5,"BAR_BAY","bininter","maxN"
"Lutjanus vitta",-1.25,"BAY",0,12.5,"BAR_BAY","bininter","maxN"
"Mulloidichthys flavolineatus",0,"BAR",0,20,"BAR_BAY","bininter","maxN"
"Nemipterus peronii",23.454,"BAY",1,42.5,"BAR_BAY","bininter","maxN"
"Oxycheilinus bimaculatus",-0.25,"BAR",0,37.5,"BAR_BAY","bininter","maxN"
"Oxycheilinus nigromarginatus",0,"BAR",0,12.5,"BAR_BAY","bininter","maxN"
"Parapercis australis",-0.25,"BAR",0,35,"BAR_BAY","bininter","maxN"
"Parupeneus barberinoides",15.702,"BAR",1,35,"BAR_BAY","bininter","maxN"
"Parupeneus heptacanthus",0,"BAR",0,12.5,"BAR_BAY","bininter","maxN"
"Parupeneus multifasciatus",3.583,"BAR",0,25,"BAR_BAY","bininter","maxN"
"Parupeneus pleurostigma",0.639,"BAR",0,42.5,"BAR_BAY","bininter","maxN"
"Pentapodus nagasakiensis",-0.25,"BAR",0,37.5,"BAR_BAY","bininter","maxN"
"Plagiotremus tapeinosoma",0,"BAR",0,10,"BAR_BAY","bininter","maxN"
"Pomacentrus coelestis",0,"BAR",0,17.5,"BAR_BAY","bininter","maxN"
"Pomacentrus moluccensis",2.7,"BAR",0,10,"BAR_BAY","bininter","maxN"
"Pseudobalistes fuscus",0,"BAR",0,15,"BAR_BAY","bininter","maxN"
"Ptereleotris microlepis",0,"BAR",0,12.5,"BAR_BAY","bininter","maxN"
"Scarus ghobban",6.5,"BAR",1,12.5,"BAR_BAY","bininter","maxN"
"Scarus psittacus",7.286,"BAR",1,15,"BAR_BAY","bininter","maxN"
"Scomberomorus commerson",0,"BAR",0,12.5,"BAR_BAY","bininter","maxN"
"Stethojulis interrupta",0,"BAR",0,20,"BAR_BAY","bininter","maxN"
"Sufflamen chrysopterum",0,"BAR",0,17.5,"BAR_BAY","bininter","maxN"
"Synodus variegatus",0,"BAY",0,15,"BAR_BAY","bininter","maxN"
"Thalassoma lunare",0,"BAR",0,40,"BAR_BAY","bininter","maxN"
"Upeneus sundaicus",0,"BAR",0,17.5,"BAR_BAY","bininter","maxN"
"Abalistes stellatus",0,"LAG",1,17.5,"BAR_LAG","bininter","maxN"
"Amblygobius phalaena",-0.25,"BAR",0,15,"BAR_LAG","bininter","maxN"
"Arothron stellatus",0.438,"LAG",1,10,"BAR_LAG","bininter","maxN"
"Atule mate",3.875,"LAG",1,12.5,"BAR_LAG","bininter","maxN"
"Centropyge tibicen",0,"BAR",0,10,"BAR_LAG","bininter","maxN"
"Chaetodon auriga",1.25,"BAR",0,15,"BAR_LAG","bininter","maxN"
"Chaetodon kleinii",1.25,"BAR",0,12.5,"BAR_LAG","bininter","maxN"
"Chromis viridis",0,"BAR",0,12.5,"BAR_LAG","bininter","maxN"
"Coris dorsomacula",-2.132,"BAR",1,15,"BAR_LAG","bininter","maxN"
"Dascyllus aruanus",0,"BAR",0,17.5,"BAR_LAG","bininter","maxN"
"Decapterus macarellus",3.5,"LAG",1,12.5,"BAR_LAG","bininter","maxN"
"Echeneis naucrates",2.25,"LAG",1,15,"BAR_LAG","bininter","maxN"
"Gymnocranius grandoculis",0,"BAR",0,10,"BAR_LAG","bininter","maxN"
"Halichoeres trimaculatus",11.725,"BAR",1,42.5,"BAR_LAG","bininter","maxN"
"Lagocephalus sceleratus",-1,"LAG",0,22.5,"BAR_LAG","bininter","maxN"
"Lethrinus genivittatus",0,"LAG",0,60,"BAR_LAG","bininter","maxN"
"Lethrinus obsoletus",0,"LAG",0,10,"BAR_LAG","bininter","maxN"
"Lethrinus rubrioperculatus",11.374,"BAR",1,42.5,"BAR_LAG","bininter","maxN"
"Lethrinus variegatus",3.75,"BAR",0,37.5,"BAR_LAG","bininter","maxN"
"Mulloidichthys flavolineatus",2.25,"BAR",0,20,"BAR_LAG","bininter","maxN"
"Nemipterus peronii",42.353,"LAG",1,45,"BAR_LAG","bininter","maxN"
"Oxycheilinus bimaculatus",1.75,"BAR",0,40,"BAR_LAG","bininter","maxN"
"Oxycheilinus nigromarginatus",0,"BAR",1,12.5,"BAR_LAG","bininter","maxN"
"Parapercis australis",9.792,"BAR",1,35,"BAR_LAG","bininter","maxN"
"Parupeneus barberinoides",15.292,"BAR",1,35,"BAR_LAG","bininter","maxN"
"Parupeneus heptacanthus",0,"LAG",0,17.5,"BAR_LAG","bininter","maxN"
"Parupeneus multifasciatus",4.062,"BAR",0,25,"BAR_LAG","bininter","maxN"
"Parupeneus pleurostigma",12.657,"BAR",1,42.5,"BAR_LAG","bininter","maxN"
"Pentapodus nagasakiensis",0,"BAR",0,67.5,"BAR_LAG","bininter","maxN"
"Plagiotremus tapeinosoma",-0.25,"BAR",0,10,"BAR_LAG","bininter","maxN"
"Pomacentrus coelestis",0,"BAR",0,17.5,"BAR_LAG","bininter","maxN"
"Pomacentrus moluccensis",3.167,"BAR",0,10,"BAR_LAG","bininter","maxN"
"Pristotis obtusirostris",0,"BAR",0,12.5,"BAR_LAG","bininter","maxN"
"Pseudalutarius nasicornis",2.75,"LAG",0,25,"BAR_LAG","bininter","maxN"
"Pseudobalistes fuscus",0,"BAR",0,15,"BAR_LAG","bininter","maxN"
"Ptereleotris microlepis",0,"BAR",0,12.5,"BAR_LAG","bininter","maxN"
"Scarus ghobban",9.458,"BAR",1,12.5,"BAR_LAG","bininter","maxN"
"Scarus psittacus",10.042,"BAR",1,15,"BAR_LAG","bininter","maxN"
"Scomberomorus commerson",1,"LAG",1,22.5,"BAR_LAG","bininter","maxN"
"Stethojulis interrupta",-0.25,"BAR",0,20,"BAR_LAG","bininter","maxN"
"Sufflamen chrysopterum",-1.5,"BAR",0,17.5,"BAR_LAG","bininter","maxN"
"Synodus variegatus",0,"LAG",0,20,"BAR_LAG","bininter","maxN"
"Thalassoma lunare",0,"BAR",0,37.5,"BAR_LAG","bininter","maxN"
"Upeneus moluccensis",0,"LAG",0,15,"BAR_LAG","bininter","maxN"
"Upeneus sundaicus",0,"BAR",0,25,"BAR_LAG","bininter","maxN"
"Abalistes stellatus",0,"LAG",0,17.5,"BAY_LAG","bininter","maxN"
"Arothron stellatus",-0.667,"LAG",1,10,"BAY_LAG","bininter","maxN"
"Atule mate",0,"BAY",0,42.5,"BAY_LAG","bininter","maxN"
"Decapterus macarellus",0,"LAG",0,20,"BAY_LAG","bininter","maxN"
"Echeneis naucrates",-2,"BAY",0,20,"BAY_LAG","bininter","maxN"
"Lagocephalus sceleratus",0,"BAY",0,32.5,"BAY_LAG","bininter","maxN"
"Leiognathus fasciatus",0,"BAY",0,10,"BAY_LAG","bininter","maxN"
"Lethrinus genivittatus",4.969,"LAG",0,75,"BAY_LAG","bininter","maxN"
"Lethrinus obsoletus",0,"BAY",0,42.5,"BAY_LAG","bininter","maxN"
"Nemipterus peronii",3,"LAG",0,87.5,"BAY_LAG","bininter","maxN"
"Parupeneus heptacanthus",0,"LAG",0,15,"BAY_LAG","bininter","maxN"
"Pentapodus nagasakiensis",16.46,"LAG",1,30,"BAY_LAG","bininter","maxN"
"Pseudalutarius nasicornis",13.089,"LAG",1,22.5,"BAY_LAG","bininter","maxN"
"Pseudocaranx dentex",0,"BAY",0,10,"BAY_LAG","bininter","maxN"
"Scomberomorus commerson",-0.75,"LAG",1,20,"BAY_LAG","bininter","maxN"
"Synodus variegatus",0,"LAG",0,35,"BAY_LAG","bininter","maxN"
"Upeneus moluccensis",2.75,"LAG",1,15,"BAY_LAG","bininter","maxN"
"Upeneus sundaicus",10.611,"LAG",1,17.5,"BAY_LAG","bininter","maxN"
"Upeneus tragula",0,"BAY",0,12.5,"BAY_LAG","bininter","maxN"
"Abalistes stellatus",-0.492,"INSHORE",1,16.6666666666667,"INSHORE_OFFSHORE","bininter","maxN"
"Amblygobius phalaena",6.45,"OFFSHORE",1,10,"INSHORE_OFFSHORE","bininter","maxN"
"Atule mate",0,"INSHORE",0,28.3333333333333,"INSHORE_OFFSHORE","bininter","maxN"
"Chaetodon auriga",6.133,"OFFSHORE",1,10,"INSHORE_OFFSHORE","bininter","maxN"
"Coris dorsomacula",0.075,"OFFSHORE",1,10,"INSHORE_OFFSHORE","bininter","maxN"
"Dascyllus aruanus",7.889,"OFFSHORE",1,11.6666666666667,"INSHORE_OFFSHORE","bininter","maxN"
"Decapterus macarellus",0,"INSHORE",0,13.3333333333333,"INSHORE_OFFSHORE","bininter","maxN"
"Echeneis naucrates",-0.361,"INSHORE",0,18.3333333333333,"INSHORE_OFFSHORE","bininter","maxN"
"Halichoeres trimaculatus",20.733,"OFFSHORE",1,30,"INSHORE_OFFSHORE","bininter","maxN"
"Lagocephalus sceleratus",0,"INSHORE",0,26.6666666666667,"INSHORE_OFFSHORE","bininter","maxN"
"Lethrinus genivittatus",0,"INSHORE",0,61.6666666666667,"INSHORE_OFFSHORE","bininter","maxN"
"Lethrinus obsoletus",0,"INSHORE",0,28.3333333333333,"INSHORE_OFFSHORE","bininter","maxN"
"Lethrinus rubrioperculatus",13.045,"OFFSHORE",1,28.3333333333333,"INSHORE_OFFSHORE","bininter","maxN"
"Lethrinus variegatus",17.804,"OFFSHORE",1,25,"INSHORE_OFFSHORE","bininter","maxN"
"Mulloidichthys flavolineatus",8.818,"OFFSHORE",1,13.3333333333333,"INSHORE_OFFSHORE","bininter","maxN"
"Nemipterus peronii",0,"INSHORE",0,58.3333333333333,"INSHORE_OFFSHORE","bininter","maxN"
"Oxycheilinus bimaculatus",12.755,"OFFSHORE",1,26.6666666666667,"INSHORE_OFFSHORE","bininter","maxN"
"Parapercis australis",15.425,"OFFSHORE",1,23.3333333333333,"INSHORE_OFFSHORE","bininter","maxN"
"Parupeneus barberinoides",14.362,"OFFSHORE",1,23.3333333333333,"INSHORE_OFFSHORE","bininter","maxN"
"Parupeneus heptacanthus",0,"INSHORE",0,15,"INSHORE_OFFSHORE","bininter","maxN"
"Parupeneus multifasciatus",8.606,"OFFSHORE",1,16.6666666666667,"INSHORE_OFFSHORE","bininter","maxN"
"Parupeneus pleurostigma",23.33,"OFFSHORE",1,28.3333333333333,"INSHORE_OFFSHORE","bininter","maxN"
"Pentapodus nagasakiensis",0,"OFFSHORE",0,45,"INSHORE_OFFSHORE","bininter","maxN"
"Pomacentrus coelestis",1.1,"OFFSHORE",0,11.6666666666667,"INSHORE_OFFSHORE","bininter","maxN"
"Pseudalutarius nasicornis",0,"INSHORE",0,16.6666666666667,"INSHORE_OFFSHORE","bininter","maxN"
"Pseudobalistes fuscus",0,"OFFSHORE",0,10,"INSHORE_OFFSHORE","bininter","maxN"
"Scarus psittacus",11.083,"OFFSHORE",1,10,"INSHORE_OFFSHORE","bininter","maxN"
"Scomberomorus commerson",-0.5,"INSHORE",0,18.3333333333333,"INSHORE_OFFSHORE","bininter","maxN"
"Stethojulis interrupta",0,"OFFSHORE",0,13.3333333333333,"INSHORE_OFFSHORE","bininter","maxN"
"Sufflamen chrysopterum",0,"OFFSHORE",0,11.6666666666667,"INSHORE_OFFSHORE","bininter","maxN"
"Synodus variegatus",0,"INSHORE",0,23.3333333333333,"INSHORE_OFFSHORE","bininter","maxN"
"Thalassoma lunare",6.889,"OFFSHORE",0,26.6666666666667,"INSHORE_OFFSHORE","bininter","maxN"
"Upeneus moluccensis",0,"INSHORE",0,10,"INSHORE_OFFSHORE","bininter","maxN"
"Upeneus sundaicus",0,"OFFSHORE",0,20,"INSHORE_OFFSHORE","bininter","maxN"
"Abalistes stellatus",-1.5,"BAR",0,15,"BAR_BAY","terinter","pres/abs"
"Amblygobius phalaena",1.826,"BAR",1,15,"BAR_BAY","terinter","pres/abs"
"Atule mate",11.868,"BAY",1,30,"BAR_BAY","terinter","pres/abs"
"Centropyge tibicen",0.599,"BAR",1,10,"BAR_BAY","terinter","pres/abs"
"Chaetodon auriga",1.593,"BAR",1,15,"BAR_BAY","terinter","pres/abs"
"Chaetodon kleinii",0.86,"BAR",1,12.5,"BAR_BAY","terinter","pres/abs"
"Chromis viridis",0.765,"BAR",1,12.5,"BAR_BAY","terinter","pres/abs"
"Coris dorsomacula",0.86,"BAR",1,12.5,"BAR_BAY","terinter","pres/abs"
"Dascyllus aruanus",1.456,"BAR",1,17.5,"BAR_BAY","terinter","pres/abs"
"Diagramma pictum",0.269,"BAR",1,10,"BAR_BAY","terinter","pres/abs"
"Echeneis naucrates",-1.594,"BAY",0,20,"BAR_BAY","terinter","pres/abs"
"Gymnocranius grandoculis",0.875,"BAR",1,10,"BAR_BAY","terinter","pres/abs"
"Halichoeres trimaculatus",14.029,"BAR",1,45,"BAR_BAY","terinter","pres/abs"
"Lagocephalus sceleratus",1.625,"BAY",0,25,"BAR_BAY","terinter","pres/abs"
"Leiognathus fasciatus",3.579,"BAY",1,10,"BAR_BAY","terinter","pres/abs"
"Lethrinus genivittatus",7.265,"BAY",1,50,"BAR_BAY","terinter","pres/abs"
"Lethrinus obsoletus",12.468,"BAY",1,32.5,"BAR_BAY","terinter","pres/abs"
"Lethrinus rubrioperculatus",13.733,"BAR",1,40,"BAR_BAY","terinter","pres/abs"
"Lethrinus variegatus",2.25,"BAR",0,37.5,"BAR_BAY","terinter","pres/abs"
"Lutjanus vitta",-0.207,"BAY",1,12.5,"BAR_BAY","terinter","pres/abs"
"Mulloidichthys flavolineatus",1.417,"BAR",0,20,"BAR_BAY","terinter","pres/abs"
"Nemipterus peronii",17.951,"BAY",1,42.5,"BAR_BAY","terinter","pres/abs"
"Oxycheilinus bimaculatus",3.938,"BAR",0,37.5,"BAR_BAY","terinter","pres/abs"
"Oxycheilinus nigromarginatus",0,"BAR",0,12.5,"BAR_BAY","terinter","pres/abs"
"Parapercis australis",0,"BAR",0,35,"BAR_BAY","terinter","pres/abs"
"Parupeneus barberinoides",0,"BAR",0,35,"BAR_BAY","terinter","pres/abs"
"Parupeneus heptacanthus",0,"BAR",0,12.5,"BAR_BAY","terinter","pres/abs"
"Parupeneus multifasciatus",0,"BAR",0,25,"BAR_BAY","terinter","pres/abs"
"Parupeneus pleurostigma",0,"BAR",0,42.5,"BAR_BAY","terinter","pres/abs"
"Pentapodus nagasakiensis",0,"BAR",0,37.5,"BAR_BAY","terinter","pres/abs"
"Plagiotremus tapeinosoma",0,"BAR",0,10,"BAR_BAY","terinter","pres/abs"
"Pomacentrus coelestis",0,"BAR",0,17.5,"BAR_BAY","terinter","pres/abs"
"Pomacentrus moluccensis",0,"BAR",0,10,"BAR_BAY","terinter","pres/abs"
"Pseudobalistes fuscus",0,"BAR",0,15,"BAR_BAY","terinter","pres/abs"
"Ptereleotris microlepis",0,"BAR",0,12.5,"BAR_BAY","terinter","pres/abs"
"Scarus ghobban",0,"BAR",0,12.5,"BAR_BAY","terinter","pres/abs"
"Scarus psittacus",0,"BAR",0,15,"BAR_BAY","terinter","pres/abs"
"Scomberomorus commerson",0,"BAR",0,12.5,"BAR_BAY","terinter","pres/abs"
"Stethojulis interrupta",0,"BAR",0,20,"BAR_BAY","terinter","pres/abs"
"Sufflamen chrysopterum",0,"BAR",0,17.5,"BAR_BAY","terinter","pres/abs"
"Synodus variegatus",3.626,"BAY",1,15,"BAR_BAY","terinter","pres/abs"
"Thalassoma lunare",0,"BAR",0,40,"BAR_BAY","terinter","pres/abs"
"Upeneus sundaicus",0,"BAR",0,17.5,"BAR_BAY","terinter","pres/abs"
"Abalistes stellatus",2.245,"LAG",1,17.5,"BAR_LAG","terinter","pres/abs"
"Amblygobius phalaena",6.72,"BAR",1,15,"BAR_LAG","terinter","pres/abs"
"Arothron stellatus",3.08,"LAG",1,10,"BAR_LAG","terinter","pres/abs"
"Atule mate",4.933,"LAG",1,12.5,"BAR_LAG","terinter","pres/abs"
"Centropyge tibicen",3.383,"BAR",1,10,"BAR_LAG","terinter","pres/abs"
"Chaetodon auriga",4.628,"BAR",1,15,"BAR_LAG","terinter","pres/abs"
"Chaetodon kleinii",3.567,"BAR",1,12.5,"BAR_LAG","terinter","pres/abs"
"Chromis viridis",4.129,"BAR",1,12.5,"BAR_LAG","terinter","pres/abs"
"Coris dorsomacula",-1.853,"BAR",0,15,"BAR_LAG","terinter","pres/abs"
"Dascyllus aruanus",5.132,"BAR",1,17.5,"BAR_LAG","terinter","pres/abs"
"Decapterus macarellus",4.876,"LAG",1,12.5,"BAR_LAG","terinter","pres/abs"
"Echeneis naucrates",4.233,"BAR",1,15,"BAR_LAG","terinter","pres/abs"
"Gymnocranius grandoculis",3.14,"BAR",1,10,"BAR_LAG","terinter","pres/abs"
"Halichoeres trimaculatus",15.706,"BAR",1,42.5,"BAR_LAG","terinter","pres/abs"
"Lagocephalus sceleratus",-0.25,"LAG",0,22.5,"BAR_LAG","terinter","pres/abs"
"Lethrinus genivittatus",7.065,"LAG",1,60,"BAR_LAG","terinter","pres/abs"
"Lethrinus obsoletus",3.538,"LAG",1,10,"BAR_LAG","terinter","pres/abs"
"Lethrinus rubrioperculatus",20.41,"BAR",1,42.5,"BAR_LAG","terinter","pres/abs"
"Lethrinus variegatus",14.512,"BAR",1,37.5,"BAR_LAG","terinter","pres/abs"
"Mulloidichthys flavolineatus",2.417,"BAR",0,20,"BAR_LAG","terinter","pres/abs"
"Nemipterus peronii",27.061,"LAG",1,45,"BAR_LAG","terinter","pres/abs"
"Oxycheilinus bimaculatus",16,"BAR",1,40,"BAR_LAG","terinter","pres/abs"
"Oxycheilinus nigromarginatus",2.25,"BAR",0,12.5,"BAR_LAG","terinter","pres/abs"
"Parapercis australis",6.542,"BAR",0,35,"BAR_LAG","terinter","pres/abs"
"Parupeneus barberinoides",18.905,"BAR",1,35,"BAR_LAG","terinter","pres/abs"
"Parupeneus heptacanthus",1.25,"LAG",1,17.5,"BAR_LAG","terinter","pres/abs"
"Parupeneus multifasciatus",5.86,"BAR",0,25,"BAR_LAG","terinter","pres/abs"
"Parupeneus pleurostigma",0,"BAR",0,42.5,"BAR_LAG","terinter","pres/abs"
"Pentapodus nagasakiensis",0,"BAR",0,67.5,"BAR_LAG","terinter","pres/abs"
"Plagiotremus tapeinosoma",0,"BAR",0,10,"BAR_LAG","terinter","pres/abs"
"Pomacentrus coelestis",0,"BAR",0,17.5,"BAR_LAG","terinter","pres/abs"
"Pomacentrus moluccensis",0,"BAR",0,10,"BAR_LAG","terinter","pres/abs"
"Pristotis obtusirostris",0,"BAR",0,12.5,"BAR_LAG","terinter","pres/abs"
"Pseudalutarius nasicornis",4.625,"LAG",1,25,"BAR_LAG","terinter","pres/abs"
"Pseudobalistes fuscus",0,"BAR",0,15,"BAR_LAG","terinter","pres/abs"
"Ptereleotris microlepis",0,"BAR",0,12.5,"BAR_LAG","terinter","pres/abs"
"Scarus ghobban",0,"BAR",0,12.5,"BAR_LAG","terinter","pres/abs"
"Scarus psittacus",0,"BAR",0,15,"BAR_LAG","terinter","pres/abs"
"Scomberomorus commerson",-2.217,"LAG",0,22.5,"BAR_LAG","terinter","pres/abs"
"Stethojulis interrupta",0,"BAR",0,20,"BAR_LAG","terinter","pres/abs"
"Sufflamen chrysopterum",0,"BAR",0,17.5,"BAR_LAG","terinter","pres/abs"
"Synodus variegatus",7.214,"LAG",1,20,"BAR_LAG","terinter","pres/abs"
"Thalassoma lunare",0,"BAR",0,37.5,"BAR_LAG","terinter","pres/abs"
"Upeneus moluccensis",1,"LAG",0,15,"BAR_LAG","terinter","pres/abs"
"Upeneus sundaicus",0,"BAR",0,25,"BAR_LAG","terinter","pres/abs"
"Abalistes stellatus",0,"LAG",0,17.5,"BAY_LAG","terinter","pres/abs"
"Arothron stellatus",0,"LAG",0,10,"BAY_LAG","terinter","pres/abs"
"Atule mate",0,"BAY",0,42.5,"BAY_LAG","terinter","pres/abs"
"Decapterus macarellus",0,"LAG",0,20,"BAY_LAG","terinter","pres/abs"
"Echeneis naucrates",0,"BAY",0,20,"BAY_LAG","terinter","pres/abs"
"Lagocephalus sceleratus",0,"BAY",0,32.5,"BAY_LAG","terinter","pres/abs"
"Leiognathus fasciatus",2,"BAY",1,10,"BAY_LAG","terinter","pres/abs"
"Lethrinus genivittatus",0,"LAG",0,75,"BAY_LAG","terinter","pres/abs"
"Lethrinus obsoletus",0,"BAY",0,42.5,"BAY_LAG","terinter","pres/abs"
"Nemipterus peronii",0,"LAG",0,87.5,"BAY_LAG","terinter","pres/abs"
"Parupeneus heptacanthus",0,"LAG",0,15,"BAY_LAG","terinter","pres/abs"
"Pentapodus nagasakiensis",26.5,"LAG",1,30,"BAY_LAG","terinter","pres/abs"
"Pseudalutarius nasicornis",17.75,"LAG",1,22.5,"BAY_LAG","terinter","pres/abs"
"Pseudocaranx dentex",0,"LAG",0,10,"BAY_LAG","terinter","pres/abs"
"Scomberomorus commerson",0,"LAG",0,20,"BAY_LAG","terinter","pres/abs"
"Synodus variegatus",0,"LAG",0,35,"BAY_LAG","terinter","pres/abs"
"Upeneus moluccensis",0,"LAG",0,15,"BAY_LAG","terinter","pres/abs"
"Upeneus sundaicus",0,"LAG",0,17.5,"BAY_LAG","terinter","pres/abs"
"Upeneus tragula",0,"LAG",0,12.5,"BAY_LAG","terinter","pres/abs"
"Abalistes stellatus",1.662,"INSHORE",1,16.6666666666667,"INSHORE_OFFSHORE","terinter","pres/abs"
"Amblygobius phalaena",2.148,"OFFSHORE",1,10,"INSHORE_OFFSHORE","terinter","pres/abs"
"Atule mate",3.876,"INSHORE",1,28.3333333333333,"INSHORE_OFFSHORE","terinter","pres/abs"
"Chaetodon auriga",2.975,"OFFSHORE",1,10,"INSHORE_OFFSHORE","terinter","pres/abs"
"Coris dorsomacula",-0.5,"OFFSHORE",0,10,"INSHORE_OFFSHORE","terinter","pres/abs"
"Dascyllus aruanus",2.785,"OFFSHORE",1,11.6666666666667,"INSHORE_OFFSHORE","terinter","pres/abs"
"Decapterus macarellus",2.892,"INSHORE",1,13.3333333333333,"INSHORE_OFFSHORE","terinter","pres/abs"
"Echeneis naucrates",-2.458,"INSHORE",0,18.3333333333333,"INSHORE_OFFSHORE","terinter","pres/abs"
"Halichoeres trimaculatus",10.586,"OFFSHORE",1,30,"INSHORE_OFFSHORE","terinter","pres/abs"
"Lagocephalus sceleratus",-0.042,"INSHORE",1,26.6666666666667,"INSHORE_OFFSHORE","terinter","pres/abs"
"Lethrinus genivittatus",5.591,"INSHORE",1,61.6666666666667,"INSHORE_OFFSHORE","terinter","pres/abs"
"Lethrinus obsoletus",4.511,"INSHORE",1,28.3333333333333,"INSHORE_OFFSHORE","terinter","pres/abs"
"Lethrinus rubrioperculatus",12.106,"OFFSHORE",1,28.3333333333333,"INSHORE_OFFSHORE","terinter","pres/abs"
"Lethrinus variegatus",10.522,"OFFSHORE",1,25,"INSHORE_OFFSHORE","terinter","pres/abs"
"Mulloidichthys flavolineatus",2.892,"OFFSHORE",1,13.3333333333333,"INSHORE_OFFSHORE","terinter","pres/abs"
"Nemipterus peronii",12.276,"INSHORE",1,58.3333333333333,"INSHORE_OFFSHORE","terinter","pres/abs"
"Oxycheilinus bimaculatus",6.488,"OFFSHORE",1,26.6666666666667,"INSHORE_OFFSHORE","terinter","pres/abs"
"Parapercis australis",10.356,"OFFSHORE",1,23.3333333333333,"INSHORE_OFFSHORE","terinter","pres/abs"
"Parupeneus barberinoides",10.074,"OFFSHORE",1,23.3333333333333,"INSHORE_OFFSHORE","terinter","pres/abs"
"Parupeneus heptacanthus",2.697,"INSHORE",1,15,"INSHORE_OFFSHORE","terinter","pres/abs"
"Parupeneus multifasciatus",8.065,"OFFSHORE",1,16.6666666666667,"INSHORE_OFFSHORE","terinter","pres/abs"
"Parupeneus pleurostigma",6.687,"OFFSHORE",0,28.3333333333333,"INSHORE_OFFSHORE","terinter","pres/abs"
"Pentapodus nagasakiensis",0,"OFFSHORE",0,45,"INSHORE_OFFSHORE","terinter","pres/abs"
"Pomacentrus coelestis",0,"OFFSHORE",0,11.6666666666667,"INSHORE_OFFSHORE","terinter","pres/abs"
"Pseudalutarius nasicornis",-0.333,"INSHORE",0,16.6666666666667,"INSHORE_OFFSHORE","terinter","pres/abs"
"Pseudobalistes fuscus",0,"OFFSHORE",0,10,"INSHORE_OFFSHORE","terinter","pres/abs"
"Scarus psittacus",0,"OFFSHORE",0,10,"INSHORE_OFFSHORE","terinter","pres/abs"
"Scomberomorus commerson",-0.848,"INSHORE",0,18.3333333333333,"INSHORE_OFFSHORE","terinter","pres/abs"
"Stethojulis interrupta",0,"OFFSHORE",0,13.3333333333333,"INSHORE_OFFSHORE","terinter","pres/abs"
"Sufflamen chrysopterum",0,"OFFSHORE",0,11.6666666666667,"INSHORE_OFFSHORE","terinter","pres/abs"
"Synodus variegatus",2.26,"INSHORE",1,23.3333333333333,"INSHORE_OFFSHORE","terinter","pres/abs"
"Thalassoma lunare",0,"OFFSHORE",0,26.6666666666667,"INSHORE_OFFSHORE","terinter","pres/abs"
"Upeneus moluccensis",0,"INSHORE",0,10,"INSHORE_OFFSHORE","terinter","pres/abs"
"Upeneus sundaicus",0,"OFFSHORE",0,20,"INSHORE_OFFSHORE","terinter","pres/abs"
"Abalistes stellatus",-1.917,"BAR",0,15,"BAR_BAY","terinter","maxN"
"Amblygobius phalaena",0.63,"BAR",1,15,"BAR_BAY","terinter","maxN"
"Atule mate",14.255,"BAY",1,30,"BAR_BAY","terinter","maxN"
"Centropyge tibicen",1.077,"BAR",1,10,"BAR_BAY","terinter","maxN"
"Chaetodon auriga",1.267,"BAR",1,15,"BAR_BAY","terinter","maxN"
"Chaetodon kleinii",0.662,"BAR",1,12.5,"BAR_BAY","terinter","maxN"
"Chromis viridis",6.853,"BAR",1,12.5,"BAR_BAY","terinter","maxN"
"Coris dorsomacula",0.445,"BAR",1,12.5,"BAR_BAY","terinter","maxN"
"Dascyllus aruanus",5.827,"BAR",1,17.5,"BAR_BAY","terinter","maxN"
"Diagramma pictum",0.5,"BAR",1,10,"BAR_BAY","terinter","maxN"
"Echeneis naucrates",-1.346,"BAY",0,20,"BAR_BAY","terinter","maxN"
"Gymnocranius grandoculis",0.375,"BAR",1,10,"BAR_BAY","terinter","maxN"
"Halichoeres trimaculatus",5.382,"BAR",1,45,"BAR_BAY","terinter","maxN"
"Lagocephalus sceleratus",0,"BAY",0,25,"BAR_BAY","terinter","maxN"
"Leiognathus fasciatus",4.275,"BAY",1,10,"BAR_BAY","terinter","maxN"
"Lethrinus genivittatus",0.038,"BAR",0,50,"BAR_BAY","terinter","maxN"
"Lethrinus obsoletus",15.016,"BAY",1,32.5,"BAR_BAY","terinter","maxN"
"Lethrinus rubrioperculatus",1.417,"BAR",0,40,"BAR_BAY","terinter","maxN"
"Lethrinus variegatus",1.417,"BAR",0,37.5,"BAR_BAY","terinter","maxN"
"Lutjanus vitta",-0.76,"BAY",0,12.5,"BAR_BAY","terinter","maxN"
"Mulloidichthys flavolineatus",0.667,"BAR",0,20,"BAR_BAY","terinter","maxN"
"Nemipterus peronii",21.226,"BAY",1,42.5,"BAR_BAY","terinter","maxN"
"Oxycheilinus bimaculatus",0,"BAR",0,37.5,"BAR_BAY","terinter","maxN"
"Oxycheilinus nigromarginatus",0,"BAR",0,12.5,"BAR_BAY","terinter","maxN"
"Parapercis australis",0,"BAR",0,35,"BAR_BAY","terinter","maxN"
"Parupeneus barberinoides",0,"BAR",0,35,"BAR_BAY","terinter","maxN"
"Parupeneus heptacanthus",0,"BAR",0,12.5,"BAR_BAY","terinter","maxN"
"Parupeneus multifasciatus",0,"BAR",0,25,"BAR_BAY","terinter","maxN"
"Parupeneus pleurostigma",0,"BAR",0,42.5,"BAR_BAY","terinter","maxN"
"Pentapodus nagasakiensis",0,"BAR",0,37.5,"BAR_BAY","terinter","maxN"
"Plagiotremus tapeinosoma",0,"BAR",0,10,"BAR_BAY","terinter","maxN"
"Pomacentrus coelestis",0,"BAR",0,17.5,"BAR_BAY","terinter","maxN"
"Pomacentrus moluccensis",0,"BAR",0,10,"BAR_BAY","terinter","maxN"
"Pseudobalistes fuscus",0,"BAR",0,15,"BAR_BAY","terinter","maxN"
"Ptereleotris microlepis",0,"BAR",0,12.5,"BAR_BAY","terinter","maxN"
"Scarus ghobban",0,"BAR",0,12.5,"BAR_BAY","terinter","maxN"
"Scarus psittacus",0,"BAR",0,15,"BAR_BAY","terinter","maxN"
"Scomberomorus commerson",0,"BAR",0,12.5,"BAR_BAY","terinter","maxN"
"Stethojulis interrupta",0,"BAR",0,20,"BAR_BAY","terinter","maxN"
"Sufflamen chrysopterum",0,"BAR",0,17.5,"BAR_BAY","terinter","maxN"
"Synodus variegatus",3.94,"BAY",1,15,"BAR_BAY","terinter","maxN"
"Thalassoma lunare",0,"BAR",0,40,"BAR_BAY","terinter","maxN"
"Upeneus sundaicus",0,"BAR",0,17.5,"BAR_BAY","terinter","maxN"
"Abalistes stellatus",0.856,"LAG",1,17.5,"BAR_LAG","terinter","maxN"
"Amblygobius phalaena",0.352,"BAR",1,15,"BAR_LAG","terinter","maxN"
"Arothron stellatus",2.21,"LAG",1,10,"BAR_LAG","terinter","maxN"
"Atule mate",5.42,"LAG",1,12.5,"BAR_LAG","terinter","maxN"
"Centropyge tibicen",0.245,"BAR",1,10,"BAR_LAG","terinter","maxN"
"Chaetodon auriga",0.812,"BAR",1,15,"BAR_LAG","terinter","maxN"
"Chaetodon kleinii",0.813,"BAR",1,12.5,"BAR_LAG","terinter","maxN"
"Chromis viridis",6.059,"BAR",1,12.5,"BAR_LAG","terinter","maxN"
"Coris dorsomacula",0.432,"BAR",1,15,"BAR_LAG","terinter","maxN"
"Dascyllus aruanus",5.029,"BAR",1,17.5,"BAR_LAG","terinter","maxN"
"Decapterus macarellus",6.526,"LAG",1,12.5,"BAR_LAG","terinter","maxN"
"Echeneis naucrates",-1.714,"LAG",1,15,"BAR_LAG","terinter","maxN"
"Gymnocranius grandoculis",0.314,"BAR",1,10,"BAR_LAG","terinter","maxN"
"Halichoeres trimaculatus",8.019,"BAR",1,42.5,"BAR_LAG","terinter","maxN"
"Lagocephalus sceleratus",-0.083,"LAG",1,22.5,"BAR_LAG","terinter","maxN"
"Lethrinus genivittatus",13.596,"LAG",1,60,"BAR_LAG","terinter","maxN"
"Lethrinus obsoletus",4.613,"LAG",1,10,"BAR_LAG","terinter","maxN"
"Lethrinus rubrioperculatus",16.721,"BAR",1,42.5,"BAR_LAG","terinter","maxN"
"Lethrinus variegatus",14.431,"BAR",1,37.5,"BAR_LAG","terinter","maxN"
"Mulloidichthys flavolineatus",3.05,"BAR",1,20,"BAR_LAG","terinter","maxN"
"Nemipterus peronii",34.166,"LAG",1,45,"BAR_LAG","terinter","maxN"
"Oxycheilinus bimaculatus",0.417,"BAR",0,40,"BAR_LAG","terinter","maxN"
"Oxycheilinus nigromarginatus",0,"BAR",0,12.5,"BAR_LAG","terinter","maxN"
"Parapercis australis",0.333,"BAR",0,35,"BAR_LAG","terinter","maxN"
"Parupeneus barberinoides",19.763,"BAR",1,35,"BAR_LAG","terinter","maxN"
"Parupeneus heptacanthus",1.458,"LAG",1,17.5,"BAR_LAG","terinter","maxN"
"Parupeneus multifasciatus",3.543,"BAR",0,25,"BAR_LAG","terinter","maxN"
"Parupeneus pleurostigma",2.052,"BAR",0,42.5,"BAR_LAG","terinter","maxN"
"Pentapodus nagasakiensis",0,"BAR",0,67.5,"BAR_LAG","terinter","maxN"
"Plagiotremus tapeinosoma",0,"BAR",0,10,"BAR_LAG","terinter","maxN"
"Pomacentrus coelestis",0,"BAR",0,17.5,"BAR_LAG","terinter","maxN"
"Pomacentrus moluccensis",0,"BAR",0,10,"BAR_LAG","terinter","maxN"
"Pristotis obtusirostris",0,"BAR",0,12.5,"BAR_LAG","terinter","maxN"
"Pseudalutarius nasicornis",4.417,"LAG",1,25,"BAR_LAG","terinter","maxN"
"Pseudobalistes fuscus",0,"BAR",0,15,"BAR_LAG","terinter","maxN"
"Ptereleotris microlepis",0,"BAR",0,12.5,"BAR_LAG","terinter","maxN"
"Scarus ghobban",0,"BAR",0,12.5,"BAR_LAG","terinter","maxN"
"Scarus psittacus",0,"BAR",0,15,"BAR_LAG","terinter","maxN"
"Scomberomorus commerson",0.476,"LAG",1,22.5,"BAR_LAG","terinter","maxN"
"Stethojulis interrupta",0,"BAR",0,20,"BAR_LAG","terinter","maxN"
"Sufflamen chrysopterum",0,"BAR",0,17.5,"BAR_LAG","terinter","maxN"
"Synodus variegatus",1.301,"LAG",0,20,"BAR_LAG","terinter","maxN"
"Thalassoma lunare",0,"BAR",0,37.5,"BAR_LAG","terinter","maxN"
"Upeneus moluccensis",1,"LAG",0,15,"BAR_LAG","terinter","maxN"
"Upeneus sundaicus",0,"BAR",0,25,"BAR_LAG","terinter","maxN"
"Abalistes stellatus",0,"LAG",0,17.5,"BAY_LAG","terinter","maxN"
"Arothron stellatus",5.917,"LAG",1,10,"BAY_LAG","terinter","maxN"
"Atule mate",0.75,"BAY",0,42.5,"BAY_LAG","terinter","maxN"
"Decapterus macarellus",0,"LAG",0,20,"BAY_LAG","terinter","maxN"
"Echeneis naucrates",-1.75,"BAY",0,20,"BAY_LAG","terinter","maxN"
"Lagocephalus sceleratus",-0.5,"BAY",0,32.5,"BAY_LAG","terinter","maxN"
"Leiognathus fasciatus",2.125,"BAY",1,10,"BAY_LAG","terinter","maxN"
"Lethrinus genivittatus",3.5,"LAG",0,75,"BAY_LAG","terinter","maxN"
"Lethrinus obsoletus",0,"BAY",0,42.5,"BAY_LAG","terinter","maxN"
"Nemipterus peronii",3,"LAG",0,87.5,"BAY_LAG","terinter","maxN"
"Parupeneus heptacanthus",-1,"LAG",0,15,"BAY_LAG","terinter","maxN"
"Pentapodus nagasakiensis",23.069,"LAG",1,30,"BAY_LAG","terinter","maxN"
"Pseudalutarius nasicornis",16.917,"LAG",1,22.5,"BAY_LAG","terinter","maxN"
"Pseudocaranx dentex",0,"BAY",0,10,"BAY_LAG","terinter","maxN"
"Scomberomorus commerson",0,"LAG",0,20,"BAY_LAG","terinter","maxN"
"Synodus variegatus",0,"LAG",0,35,"BAY_LAG","terinter","maxN"
"Upeneus moluccensis",0,"LAG",0,15,"BAY_LAG","terinter","maxN"
"Upeneus sundaicus",0,"LAG",0,17.5,"BAY_LAG","terinter","maxN"
"Upeneus tragula",1.625,"BAY",1,12.5,"BAY_LAG","terinter","maxN"
"Abalistes stellatus",0.176,"INSHORE",1,16.6666666666667,"INSHORE_OFFSHORE","terinter","maxN"
"Amblygobius phalaena",1.168,"OFFSHORE",1,10,"INSHORE_OFFSHORE","terinter","maxN"
"Atule mate",4.056,"INSHORE",1,28.3333333333333,"INSHORE_OFFSHORE","terinter","maxN"
"Chaetodon auriga",3.035,"OFFSHORE",1,10,"INSHORE_OFFSHORE","terinter","maxN"
"Coris dorsomacula",-0.083,"OFFSHORE",1,10,"INSHORE_OFFSHORE","terinter","maxN"
"Dascyllus aruanus",6.826,"OFFSHORE",1,11.6666666666667,"INSHORE_OFFSHORE","terinter","maxN"
"Decapterus macarellus",4.528,"INSHORE",1,13.3333333333333,"INSHORE_OFFSHORE","terinter","maxN"
"Echeneis naucrates",0.414,"INSHORE",1,18.3333333333333,"INSHORE_OFFSHORE","terinter","maxN"
"Halichoeres trimaculatus",14.628,"OFFSHORE",1,30,"INSHORE_OFFSHORE","terinter","maxN"
"Lagocephalus sceleratus",0.323,"INSHORE",1,26.6666666666667,"INSHORE_OFFSHORE","terinter","maxN"
"Lethrinus genivittatus",8.843,"INSHORE",1,61.6666666666667,"INSHORE_OFFSHORE","terinter","maxN"
"Lethrinus obsoletus",4.81,"INSHORE",1,28.3333333333333,"INSHORE_OFFSHORE","terinter","maxN"
"Lethrinus rubrioperculatus",15.004,"OFFSHORE",1,28.3333333333333,"INSHORE_OFFSHORE","terinter","maxN"
"Lethrinus variegatus",15.261,"OFFSHORE",1,25,"INSHORE_OFFSHORE","terinter","maxN"
"Mulloidichthys flavolineatus",3.746,"OFFSHORE",1,13.3333333333333,"INSHORE_OFFSHORE","terinter","maxN"
"Nemipterus peronii",16.387,"INSHORE",1,58.3333333333333,"INSHORE_OFFSHORE","terinter","maxN"
"Oxycheilinus bimaculatus",4.477,"OFFSHORE",1,26.6666666666667,"INSHORE_OFFSHORE","terinter","maxN"
"Parapercis australis",13.296,"OFFSHORE",1,23.3333333333333,"INSHORE_OFFSHORE","terinter","maxN"
"Parupeneus barberinoides",12.641,"OFFSHORE",1,23.3333333333333,"INSHORE_OFFSHORE","terinter","maxN"
"Parupeneus heptacanthus",2.3,"INSHORE",1,15,"INSHORE_OFFSHORE","terinter","maxN"
"Parupeneus multifasciatus",10.389,"OFFSHORE",1,16.6666666666667,"INSHORE_OFFSHORE","terinter","maxN"
"Parupeneus pleurostigma",7.228,"OFFSHORE",0,28.3333333333333,"INSHORE_OFFSHORE","terinter","maxN"
"Pentapodus nagasakiensis",0,"OFFSHORE",0,45,"INSHORE_OFFSHORE","terinter","maxN"
"Pomacentrus coelestis",0,"OFFSHORE",0,11.6666666666667,"INSHORE_OFFSHORE","terinter","maxN"
"Pseudalutarius nasicornis",-0.167,"INSHORE",1,16.6666666666667,"INSHORE_OFFSHORE","terinter","maxN"
"Pseudobalistes fuscus",0,"OFFSHORE",0,10,"INSHORE_OFFSHORE","terinter","maxN"
"Scarus psittacus",0,"OFFSHORE",0,10,"INSHORE_OFFSHORE","terinter","maxN"
"Scomberomorus commerson",0.723,"INSHORE",1,18.3333333333333,"INSHORE_OFFSHORE","terinter","maxN"
"Stethojulis interrupta",0,"OFFSHORE",0,13.3333333333333,"INSHORE_OFFSHORE","terinter","maxN"
"Sufflamen chrysopterum",0,"OFFSHORE",0,11.6666666666667,"INSHORE_OFFSHORE","terinter","maxN"
"Synodus variegatus",1.122,"INSHORE",1,23.3333333333333,"INSHORE_OFFSHORE","terinter","maxN"
"Thalassoma lunare",0,"OFFSHORE",0,26.6666666666667,"INSHORE_OFFSHORE","terinter","maxN"
"Upeneus moluccensis",0,"INSHORE",0,10,"INSHORE_OFFSHORE","terinter","maxN"
"Upeneus sundaicus",0,"OFFSHORE",0,20,"INSHORE_OFFSHORE","terinter","maxN"
